date,value,manual
9/17/2014,169.3,no
9/24/2014,168.8,no
10/1/2014,168.8,no
10/8/2014,172.9,no
10/15/2014,171.7,no
10/22/2014,163.4,no
10/29/2014,155.2,no
11/5/2014,159.2,no
11/12/2014,160.9,no
11/19/2014,179.8,no
11/26/2014,171.2,no
12/3/2014,175.5,no
12/10/2014,177.7,no
12/17/2014,165.5,no
12/24/2014,167.7,no
1/7/2015,159.2,no
1/14/2015,196.7,no
1/21/2015,191.7,no
1/28/2015,191.6,no
2/4/2015,187.2,no
2/11/2015,175.1,no
2/18/2015,162.7,no
2/25/2015,170.2,no
3/4/2015,169.8,no
3/11/2015,173,no
3/18/2015,170.4,no
3/25/2015,178.7,no
4/1/2015,188.9,no
4/8/2015,201.8,no
4/15/2015,195.6,no
4/22/2015,205.4,no
4/29/2015,205.4,no
5/6/2015,207.1,no
5/13/2015,206.7,no
5/20/2015,199.1,no
5/27/2015,201.5,no
6/3/2015,195.4,no
6/10/2015,214.3,no
6/17/2015,205.4,no
6/24/2015,207.8,no
7/1/2015,199.2,no
7/8/2015,212.4,no
7/15/2015,196.4,no
7/22/2015,198.3,no
7/29/2015,198.1,no
8/5/2015,204.6,no
8/12/2015,197.4,no
8/19/2015,195.3,no
8/26/2015,198.7,no
9/2/2015,206.9,no
9/9/2015,205,no
9/16/2015,196.3,no
9/23/2015,214.2,no
9/30/2015,202.1,no
10/7/2015,257.4,no
10/14/2015,169.6,no
10/21/2015,197.4,no
10/28/2015,191.2,no
11/4/2015,190,no
11/11/2015,190.1,no
11/18/2015,212.8,no
11/25/2015,211.7,no
12/2/2015,228.1,no
12/9/2015,228.2,no
12/16/2015,221.7,no
12/23/2015,230.8,no
1/6/2016,196.2,no
1/13/2016,231.1,no
1/20/2016,227.3,no
1/27/2016,237.8,no
2/3/2016,221.1,no
2/10/2016,221.6,no
2/17/2016,213.3,no
2/24/2016,217.9,no
3/2/2016,216.7,no
3/9/2016,225.7,no
3/16/2016,226.3,no
3/23/2016,224,no
3/30/2016,228.6,no
4/6/2016,223.1,no
4/13/2016,241.9,no
4/20/2016,240.8,no
4/27/2016,235,no
5/4/2016,234.7,no
5/11/2016,235.6,no
5/18/2016,222,no
5/25/2016,234.9,no
6/1/2016,223.8,no
6/8/2016,249.9,no
6/15/2016,237.6,no
6/22/2016,231.9,no
6/29/2016,224.9,no
7/6/2016,234.6,no
7/13/2016,234.7,no
7/20/2016,229.9,no
7/27/2016,222.2,no
8/3/2016,216.9,no
8/10/2016,222.6,no
8/17/2016,214,no
8/24/2016,213.4,no
8/31/2016,216.1,no
9/7/2016,218.6,no
9/14/2016,237.3,no
9/21/2016,221.1,no
9/28/2016,222.8,no
10/5/2016,222.5,no
10/12/2016,216.7,no
10/19/2016,223.1,no
10/26/2016,207.8,no
11/2/2016,207,no
11/9/2016,210,no
11/16/2016,197,no
11/23/2016,234.1,no
11/30/2016,233.6,no
12/7/2016,234.5,no
12/14/2016,226.7,no
12/21/2016,232.9,no
1/4/2017,228,no
1/11/2017,241.9,no
1/18/2017,229.4,no
1/25/2017,243.2,no
2/1/2017,229.6,no
2/8/2017,233.7,no
2/15/2017,223.1,no
2/22/2017,216.9,no
3/1/2017,231,no
3/8/2017,235,no
3/15/2017,240.3,no
3/22/2017,235.3,no
3/29/2017,238.1,no
4/5/2017,239.8,no
4/12/2017,246.7,no
4/19/2017,238.3,no
4/26/2017,236,no
5/3/2017,246,no
5/10/2017,250.3,no
5/17/2017,243.6,no
5/24/2017,241.6,no
5/31/2017,238.1,no
6/7/2017,261.9,no
6/14/2017,254.6,no
6/21/2017,252.1,no
6/28/2017,241.7,no
7/6/2017,249.1,no
7/12/2017,242.8,no
7/19/2017,245.5,no
7/26/2017,240.1,no
8/2/2017,235.4,no
8/9/2017,237.3,no
8/16/2017,233.8,no
8/23/2017,230.4,no
8/30/2017,224.1,no
9/6/2017,227.3,no
9/13/2017,252,no
9/20/2017,224.7,no
9/27/2017,231,no
10/4/2017,233.4,no
10/11/2017,233.2,no
10/18/2017,242.9,no
10/25/2017,228,no
11/1/2017,226.1,no
11/8/2017,227.2,no
11/15/2017,228.2,no
11/22/2017,240.4,no
11/29/2017,244.7,no
12/6/2017,250.6,no
12/13/2017,247.9,no
12/20/2017,234.3,no
1/3/2018,236.9,no
1/10/2018,242.7,no
1/17/2018,249.2,no
1/24/2018,264.4,no
1/31/2018,255.5,no
2/7/2018,255.4,no
2/14/2018,240.4,no
2/21/2018,225.5,no
2/28/2018,239.4,no
3/7/2018,238.3,no
3/14/2018,246.5,no
3/21/2018,249.9,no
3/28/2018,257.6,no
4/4/2018,252.3,no
4/11/2018,247.3,no
4/18/2018,262.4,no
4/25/2018,262.4,no
5/2/2018,258.1,no
5/9/2018,257.7,no
5/16/2018,252.4,no
5/23/2018,247.4,no
5/30/2018,242.7,no
6/6/2018,252.8,no
6/13/2018,249,no
6/20/2018,259.6,no
6/27/2018,244.3,no
7/4/2018,245.5,no
7/11/2018,261.5,no
7/18/2018,247.9,no
7/25/2018,245.5,no
8/1/2018,237.9,no
8/8/2018,233.1,no
8/15/2018,225.5,no
8/22/2018,232.1,no
8/29/2018,230.1,no
9/5/2018,231.4,no
9/12/2018,233.5,no
9/19/2018,234.2,no
9/26/2018,240.4,no
10/3/2018,240.7,no
10/10/2018,238,no
10/17/2018,224,no
10/24/2018,228.4,no
10/31/2018,224.9,no
11/7/2018,213.6,no
11/14/2018,220.8,no
11/21/2018,227.7,no
11/28/2018,247.8,no
12/5/2018,249.9,no
12/12/2018,256.1,no
12/19/2018,238.6,no
1/3/2019,219,no
1/9/2019,255.2,no
1/16/2019,278.5,no
1/23/2019,272.5,no
1/30/2019,266.2,no
2/6/2019,253.1,no
2/13/2019,237.7,no
2/20/2019,232.7,no
2/27/2019,247,no
3/6/2019,240.5,no
3/13/2019,250.8,no
3/20/2019,251.5,no
3/27/2019,267.5,no
4/3/2019,276.6,no
4/10/2019,278.1,no
4/17/2019,280.7,no
4/24/2019,269.3,no
5/1/2019,259.4,no
5/8/2019,270.2,no
5/15/2019,268.5,no
5/22/2019,263,no
5/29/2019,259.4,no
6/5/2019,253.1,no
6/12/2019,278.4,no
6/19/2019,268.6,no
6/26/2019,266.3,no
7/3/2019,269.3,no
7/10/2019,275.6,no
7/17/2019,265.1,no
7/24/2019,260.8,no
7/31/2019,253,no
8/7/2019,247.9,no
8/14/2019,252.6,no
8/21/2019,243.8,no
8/28/2019,234.1,no
9/4/2019,242.6,no
9/11/2019,253.5,no
9/18/2019,269.7,no
9/25/2019,261.4,no
10/2/2019,263.8,no
10/9/2019,252.2,no
10/16/2019,250.6,no
10/23/2019,241.7,no
10/30/2019,247.2,no
11/6/2019,241,no
11/13/2019,253.4,no
11/20/2019,270.4,no
11/27/2019,267.1,no
12/4/2019,269.4,no
12/11/2019,268.3,no
12/18/2019,262.6,no
12/26/2019,250.1,no
1/8/2020,263.2,no
1/15/2020,303.9,no
1/22/2020,297.8,no
1/29/2020,313.7,no
2/5/2020,283.8,no
2/12/2020,267.4,no
2/19/2020,258.4,no
2/26/2020,273.1,no
3/4/2020,265.8,no
3/11/2020,280.7,no
3/18/2020,278.1,no
3/25/2020,237.4,no
4/1/2020,211.7,no
4/8/2020,185.9,no
4/15/2020,182.6,no
4/22/2020,186.4,no
4/29/2020,208,no
5/6/2020,220,no
5/13/2020,243.3,no
5/20/2020,258.9,no
5/27/2020,281.2,no
6/3/2020,296,no
6/10/2020,311.7,no
6/17/2020,322.5,no
6/24/2020,312.7,no
7/1/2020,308.7,no
7/8/2020,325.2,no
7/15/2020,305.4,no
7/22/2020,310.9,no
7/29/2020,306.1,no
8/5/2020,300.7,no
8/12/2020,306.6,no
8/19/2020,308.9,no
8/26/2020,310.2,no
9/2/2020,309.6,no
9/9/2020,317.7,no
9/16/2020,316.2,no
9/23/2020,327,no
9/30/2020,320.9,no
10/7/2020,316,no
10/14/2020,311.1,no
10/21/2020,304.6,no
10/28/2020,305.2,no
11/4/2020,301.2,no
11/11/2020,293.5,no
11/18/2020,303.9,no
11/25/2020,314.6,no
12/2/2020,342.9,no
12/9/2020,325.7,no
12/16/2020,331.6,no
12/23/2020,316.3,no
1/6/2021,313.8,no
1/13/2021,338.9,no
1/20/2021,348.2,no
1/27/2021,334.2,no
2/3/2021,334.6,no
2/10/2021,318.8,no
2/17/2021,299.5,no
2/24/2021,264.9,no
3/3/2021,269.7,no
3/10/2021,289,no
3/17/2021,294.3,no
3/24/2021,301.9,no
3/31/2021,297.3,no
4/7/2021,283.6,no
4/14/2021,279.5,no
4/21/2021,295.5,no
4/28/2021,281.4,no
5/5/2021,274.5,no
5/12/2021,276.7,no
5/19/2021,265.3,no
5/26/2021,269.8,no
6/2/2021,261.4,no
6/9/2021,262.1,no
6/16/2021,266.3,no
6/23/2021,268,no
6/30/2021,255.2,no
7/7/2021,252.4,no
7/14/2021,273.3,no
7/21/2021,255.8,no
7/28/2021,251.7,no
8/4/2021,247.5,no
8/11/2021,252,no
8/18/2021,249.9,no
8/25/2021,257.5,no
9/1/2021,259,no
9/8/2021,258.4,no
9/15/2021,277.9,no
9/22/2021,283.9,no
9/29/2021,280.4,no
10/6/2021,275.7,no
10/13/2021,279.8,no
10/20/2021,266.2,no
10/27/2021,275.6,no
11/3/2021,271.1,no
11/10/2021,278.4,no
11/17/2021,282.5,no
11/24/2021,295.7,no
12/1/2021,310.7,no
12/8/2021,295.2,no
12/15/2021,297.2,no
12/22/2021,287.5,no
1/5/2022,277.3,no
1/12/2022,283.4,no
1/19/2022,305.7,no
1/26/2022,300.1,no
2/2/2022,312.2,no
2/9/2022,282.3,no
2/16/2022,279,no
2/23/2022,250.7,no
3/2/2022,246.3,no
3/9/2022,267.6,no
3/16/2022,269.5,no
3/23/2022,265.4,no
3/30/2022,267.1,no
4/6/2022,258.1,no
4/13/2022,261.8,no
4/20/2022,254,no
4/27/2022,234.7,no
5/4/2022,244.4,no
5/11/2022,255.4,no
5/18/2022,225,no
5/25/2022,225.5,no
6/1/2022,224.1,no
6/8/2022,208.2,no
6/15/2022,225,no
6/22/2022,242.8,no
6/29/2022,243.1,no
7/6/2022,232.6,no
7/13/2022,224.3,no
7/20/2022,208,no
7/27/2022,206.4,no
8/3/2022,208.4,no
8/10/2022,205.4,no
8/17/2022,203.8,no
8/24/2022,202.8,no
8/31/2022,199.1,no
9/7/2022,197.8,no
9/14/2022,198.1,no
9/21/2022,200.1,no
9/28/2022,199.3,no
10/5/2022,174.1,no
10/12/2022,170.5,no
10/19/2022,164.2,no
10/26/2022,160.4,no
11/2/2022,160.5,no
11/9/2022,162.6,no
11/16/2022,169.7,no
11/23/2022,174.4,no
11/30/2022,181,no
12/7/2022,175.5,no
12/14/2022,182.6,no
12/21/2022,182.5,no
1/4/2023,160.2,no
1/11/2023,159.4,no
1/18/2023,198.7,no
1/25/2023,205.4,no
2/1/2023,184.3,no
2/8/2023,190,no
2/15/2023,179.6,no
2/22/2023,147.1,no
3/1/2023,138.8,no
3/8/2023,154.4,no
3/15/2023,165.6,no
3/22/2023,169.3,no
3/29/2023,172.7,no
4/5/2023,166.6,no
4/12/2023,179.6,no
4/19/2023,161.6,no
4/26/2023,169.1,no
5/3/2023,165.8,no
5/10/2023,173.7,no
5/17/2023,165.4,no
5/24/2023,158.3,no
5/31/2023,154.4,no
6/7/2023,151.7,no
6/14/2023,163.2,no
6/21/2023,165.6,no
6/28/2023,170.3,no
7/6/2023,162.4,no
7/12/2023,165.3,no
7/19/2023,163.2,no
7/26/2023,159.2,no
8/2/2023,154.1,no
8/9/2023,149.9,no
8/16/2023,149.5,no
8/23/2023,142,no
8/30/2023,144.9,no
9/6/2023,141.9,no
9/13/2023,143.7,no
9/20/2023,147,no
9/27/2023,144.8,no
10/4/2023,136.6,no
10/11/2023,137.5,no
10/18/2023,129.8,no
10/25/2023,127,no
11/1/2023,125.2,no
11/8/2023,129,no
11/15/2023,133.2,no
11/22/2023,138.4,no
11/29/2023,144.9,no
12/6/2023,144.5,no
12/13/2023,149.6,no
12/20/2023,148.7,no
1/3/2024,140.7,no
1/10/2024,148.6,no
1/17/2024,162.2,no
1/24/2024,174.3,no
1/31/2024,154.5,no
2/7/2024,153.5,no
2/14/2024,149.6,no
2/21/2024,133.6,no
2/28/2024,127.6,no
3/6/2024,141.1,no
3/13/2024,147.7,no
3/20/2024,146,no
3/27/2024,145.7,no
4/3/2024,145.6,no
4/10/2024,138.7,no
4/17/2024,145.6,no
4/24/2024,144.2,no
5/1/2024,141.7,no
5/8/2024,144.2,no
5/15/2024,141.7,no
5/22/2024,140,no
5/29/2024,138.4,no
6/5/2024,132.3,no
6/12/2024,143.7,no
6/19/2024,146,no
6/26/2024,147.8,no
7/3/2024,142.9,no
7/10/2024,144.3,no
7/17/2024,140.4,no
7/24/2024,134.8,no
7/31/2024,132.8,no
8/7/2024,133.9,no
8/14/2024,137.7,no
8/21/2024,130.6,no
8/28/2024,131.8,no
9/4/2024,136.1,no
9/11/2024,138.6,no
9/18/2024,146.1,no
9/25/2024,148.2,no
10/2/2024,149.3,no
10/9/2024,149.2,no
10/16/2024,138.4,no
10/23/2024,131.3,no
10/30/2024,137.8,no
11/6/2024,130.8,no
11/13/2024,133.3,no
11/20/2024,136,no
11/27/2024,152.9,no
12/4/2024,161.5,no
12/11/2024,154.9,no
12/18/2024,157.1,no
1/2/2025,136.7,no
1/8/2025,127.7,no
1/15/2025,162,no
1/22/2025,163,no
1/29/2025,162.4,no
2/5/2025,156.7,no
2/12/2025,153.1,no
2/19/2025,144,no
2/26/2025,144.3,no
3/5/2025,144.5,no
3/12/2025,154.6,no
3/19/2025,154.7,no
3/26/2025,155.8,no
4/2/2025,158.2,no
4/9/2025,172.7,no
4/16/2025,164.2,no
4/23/2025,153.4,no
4/30/2025,146.6,no
5/7/2025,162.8,no
5/14/2025,166.5,no
5/21/2025,157.8,no
5/28/2025,162.1,no
6/4/2025,155,no
6/11/2025,170.9,no
6/18/2025,165.8,no
6/25/2025,165.2,no
7/2/2025,165.3,no
7/9/2025,180.9,no
7/16/2025,159.6,no
7/23/2025,165.1,no
7/30/2025,155.6,no
8/6/2025,158,no
8/13/2025,160.2,no
8/20/2025,160.3,no
8/27/2025,163.8,no
9/3/2025,158.7,no
9/10/2025,169.1,no
9/17/2025,174,no
9/24/2025,174.5,no
10/1/2025,172.7,no
10/8/2025,170.6,no
10/15/2025,166,no
10/22/2025,157.3,no
10/29/2025,164.3,no
11/5/2025,163.3,no
11/12/2025,172.7,no
11/19/2025,168.7,no
11/26/2025,181.6,no
12/3/2025,186.1,no
12/10/2025,181.6,no
12/17/2025,176.5,no
12/24/2025,169.9,no
1/7/2026,159.3,no
1/14/2026,184.6,no
1/21/2026,194.1,no
1/28/2026,193.3,no
2/4/2026,165.4,no
2/11/2026,161.5,no
2/18/2026,157.1,no
2/25/2026,149.7,no
3/4/2026,158.9,no
3/11/2026,171.3,no
3/18/2026,172.9,no
3/25/2026,163.6,no
4/1/2026,159.4,no
4/8/2026,161.1,no
4/15/2026,159.5,no
4/22/2026,175.6,no
4/29/2026,177.7,no
5/6/2026,171.1,no
5/13/2026,177.7,yes
5/20/2026,170.4,yes
5/27/2026,169.7,yes
6/3/2026,164.8,yes
6/10/2026,176.9,yes
6/17/2026,170.8,yes
6/24/2026,169.7,yes
7/1/2026,170.6,yes
7/8/2026,169.5,yes
7/15/2026,157.2,yes
7/22/2026,165.8,yes
8/5/2026,154,yes
