month_date_yyyymm,state,state_id,median_listing_price,median_listing_price_mm,median_listing_price_yy,active_listing_count,active_listing_count_mm,active_listing_count_yy,median_days_on_market,median_days_on_market_mm,median_days_on_market_yy,new_listing_count,new_listing_count_mm,new_listing_count_yy,price_increased_count,price_increased_count_mm,price_increased_count_yy,price_increased_share,price_increased_share_mm,price_increased_share_yy,price_reduced_count,price_reduced_count_mm,price_reduced_count_yy,price_reduced_share,price_reduced_share_mm,price_reduced_share_yy,pending_listing_count,pending_listing_count_mm,pending_listing_count_yy,median_listing_price_per_square_foot,median_listing_price_per_square_foot_mm,median_listing_price_per_square_foot_yy,median_square_feet,median_square_feet_mm,median_square_feet_yy,average_listing_price,average_listing_price_mm,average_listing_price_yy,total_listing_count,total_listing_count_mm,total_listing_count_yy,pending_ratio,pending_ratio_mm,pending_ratio_yy,quality_flag
202604,Texas,TX,359950.0,0.027,-0.0355,127223,0.0414,0.0323,53,-0.087,0.05,45424,0.0215,-0.0355,2744,-0.1261,-0.0622,0.0126,-0.0026,-0.001,43168.0,0.1209,-0.0552,0.1994,0.0121,-0.0137,43518.0,0.0728,0.0351,184.0,0.0083,-0.0233,1993.0,0.0143,-0.001,522011.0,0.0276,-0.0206,170370,0.0495,0.033,0.3421,0.01,0.0009,0.0
202604,Colorado,CO,575000.0,0.0177,-0.0204,26100,0.1015,0.0833,48,-0.0206,0.1047,11620,0.0353,-0.0866,366,0.0517,-0.0518,0.0075,-0.0002,-0.0007,10196.0,0.2761,0.0139,0.2083,0.029,-0.0064,10483.0,0.0548,-0.0047,286.0,0.0033,-0.0207,1979.0,0.0088,-0.0158,1029930.0,-0.0403,-0.0027,36497,0.0881,0.0543,0.4016,-0.0178,-0.0355,0.0
202603,Colorado,CO,565000.0,0.0273,-0.0174,23696,0.0878,0.1345,49,-0.2049,0.0778,11224,0.1612,-0.0172,348,0.381,0.0875,0.0077,0.0013,-0.0005,7990.0,0.2372,-0.0303,0.1793,0.0183,-0.0198,9938.0,0.135,0.0616,285.0,0.0062,-0.0204,1962.0,0.0093,-0.0141,1073147.0,-0.0139,-0.001,33543,0.1011,0.1109,0.4194,0.0174,-0.0288,0.0
202603,Texas,TX,350497.0,0.0017,-0.0395,122168,0.0376,0.0796,58,-0.1786,0.1058,44466,0.1564,-0.012,3140,0.0228,0.2171,0.0152,-0.0008,0.0014,38512.0,0.0862,0.0025,0.1873,0.0027,-0.0139,40564.0,0.1471,0.0806,182.0,0.0092,-0.0207,1965.0,0.0085,-0.0018,508010.0,0.0221,-0.0187,162338,0.0628,0.0795,0.332,0.0317,0.0003,0.0
202602,Texas,TX,349900.0,0.0026,-0.0144,117741,0.0203,0.1122,70,-0.1139,0.0606,38452,0.2417,0.0456,3070,0.0456,-0.0328,0.016,0.0,-0.0018,35456.0,0.2874,0.0503,0.1846,0.0285,-0.0088,35363.0,0.2125,0.0575,181.0,0.0035,-0.0191,1948.0,0.001,-0.0003,497013.0,0.0096,-0.0174,152742,0.0586,0.0986,0.3003,0.0476,-0.0155,0.0
202602,Colorado,CO,550000.0,0.002,-0.0169,21784,0.0677,0.169,61,-0.2824,-0.024,9666,0.1759,0.0997,252,0.125,-0.131,0.0064,0.0,-0.0017,6458.0,0.0735,0.0145,0.1609,-0.0091,-0.0233,8756.0,0.3531,0.0757,283.0,0.0101,-0.0134,1944.0,0.0031,-0.0089,1088245.0,-0.0021,-0.0126,30465,0.1367,0.1402,0.402,0.0848,-0.0349,0.0
202601,Texas,TX,349000.0,-0.0029,-0.0167,115395,-0.0565,0.1252,79,0.0395,0.0676,30968,0.2492,-0.0597,2936,0.0426,0.0731,0.016,0.0006,-0.0006,27540.0,0.0427,-0.0677,0.1561,0.0084,-0.0217,29165.0,-0.0711,0.0393,180.0,-0.005,-0.019,1946.0,-0.0084,-0.0021,492289.0,-0.0173,-0.0176,144288,-0.0596,0.1064,0.2527,-0.004,-0.0209,0.0
202601,Colorado,CO,548900.0,-0.001,-0.0189,20402,-0.1036,0.143,85,-0.0173,0.0625,8220,0.9332,0.0319,224,-0.0667,-0.3812,0.0064,-0.0006,-0.0049,6016.0,0.2888,0.2243,0.1701,0.032,0.0196,6471.0,-0.0376,0.0162,280.0,0.0028,-0.0158,1938.0,-0.0082,-0.0127,1090578.0,0.0505,-0.0041,26800,-0.0888,0.1089,0.3172,0.0218,-0.0396,0.0
202512,Colorado,CO,549450.0,-0.0275,-0.0274,22761,-0.1617,0.1865,87,0.1234,0.1019,4252,-0.3133,-0.0454,240,-0.0625,-0.0476,0.007,0.0008,-0.0019,4668.0,-0.4832,-0.0943,0.1381,-0.0792,-0.0303,6724.0,-0.189,-0.0266,280.0,0.0007,-0.0146,1954.0,-0.0374,-0.021,1038174.0,0.0316,-0.0065,29412,-0.1686,0.1293,0.2954,-0.0099,-0.0647,0.0
202512,Texas,TX,350000.0,-0.0196,-0.0264,122301,-0.0726,0.1315,76,0.0704,0.0629,24790,-0.2161,-0.0159,2816,0.1872,0.1157,0.0154,0.0022,0.0,26412.0,-0.336,0.1087,0.1477,-0.0535,0.0025,31398.0,-0.0669,0.0235,181.0,-0.0068,-0.0182,1963.0,-0.0113,-0.002,500932.0,-0.0203,-0.0143,153440,-0.0706,0.1079,0.2567,0.0016,-0.0271,0.0
202511,Colorado,CO,565000.0,-0.0216,-0.0242,27152,-0.0896,0.1773,77,0.0694,0.1493,6192,-0.1971,0.084,256,-0.2381,-0.1233,0.0062,-0.0012,-0.0017,9032.0,-0.2545,0.2531,0.2173,-0.0447,0.0236,8291.0,-0.053,-0.0026,280.0,-0.012,-0.0205,2030.0,-0.0202,-0.0098,1006364.0,-0.0173,0.0153,35376,-0.0815,0.1297,0.3054,0.0118,-0.0551,0.0
202511,Texas,TX,356990.0,-0.0084,-0.0219,131881,-0.0194,0.1437,71,0.029,0.0923,31624,-0.1407,0.0019,2372,-0.17,0.057,0.0132,-0.0005,0.0006,39776.0,-0.1443,0.124,0.2012,-0.0214,0.0077,33648.0,-0.0335,-0.0539,182.0,-0.0079,-0.018,1985.0,-0.0041,0.001,511335.0,-0.0109,-0.0125,165098,-0.0236,0.0951,0.2551,-0.0037,-0.0533,0.0
202510,Colorado,CO,577500.0,-0.0162,-0.0278,29824,-0.0398,0.194,72,0.0286,0.1901,7712,-0.1441,-0.0221,336,0.0633,-0.1923,0.0074,0.0009,-0.0025,12116.0,-0.039,0.1777,0.262,0.0043,0.0166,8755.0,-0.0688,-0.0396,283.0,-0.0074,-0.0191,2072.0,-0.004,-0.0064,1024038.0,-0.0098,0.0133,38517,-0.0457,0.1318,0.2936,-0.0091,-0.0714,0.0
202510,Texas,TX,360000.0,-0.0136,-0.0296,134495,-0.0109,0.1616,69,0.0299,0.1129,36802,0.0715,0.0787,2858,-0.0212,0.1043,0.0137,-0.0005,-0.0003,46482.0,0.009,0.2237,0.2226,-0.0007,0.0181,34815.0,-0.0423,-0.0384,184.0,-0.0048,-0.015,1993.0,-0.0034,-0.0039,516969.0,-0.0012,-0.0145,169090,-0.0175,0.1153,0.2589,-0.0085,-0.0538,0.0
202509,Colorado,CO,587000.0,-0.0134,-0.0213,31060,-0.0262,0.2364,70,0.0938,0.2174,9010,-0.0508,-0.0347,316,-0.0595,-0.0651,0.0065,-0.0002,-0.0013,12608.0,-0.0732,0.2056,0.2577,-0.0098,0.0196,9402.0,-0.0107,0.0005,285.0,-0.0064,-0.0248,2080.0,-0.0034,-0.0133,1034205.0,-0.0028,-0.0198,40363,-0.0218,0.1715,0.3027,0.0047,-0.0714,0.0
202509,Texas,TX,364950.0,-0.011,-0.0268,135984,-0.0259,0.1833,67,0.0469,0.1167,34346,-0.0794,-0.0158,2920,0.1283,0.0443,0.0141,0.0022,-0.0008,46068.0,-0.0731,0.0991,0.2233,-0.0085,0.0005,36353.0,-0.0369,-0.011,184.0,-0.0047,-0.0145,2000.0,-0.005,-0.006,517611.0,-0.0062,-0.0215,172099,-0.0283,0.1372,0.2673,-0.0031,-0.0525,0.0
202508,Texas,TX,369000.0,-0.016,-0.0238,139604,-0.0098,0.2192,64,0.0756,0.1034,37308,-0.0709,0.0475,2588,0.0957,0.0062,0.0119,0.0012,-0.0017,49700.0,-0.1117,0.1466,0.2318,-0.0218,0.0022,37747.0,-0.0353,0.0311,185.0,-0.0102,-0.0153,2010.0,-0.0069,-0.0069,520832.0,-0.0245,-0.0288,177103,-0.0146,0.1744,0.2704,-0.0072,-0.0493,0.0
202508,Colorado,CO,595000.0,-0.0067,-0.0246,31894,-0.0118,0.2969,64,0.1532,0.2308,9492,-0.035,0.0211,336,0.1507,0.05,0.0067,0.0012,-0.0009,13604.0,-0.0728,0.2554,0.2676,-0.0166,0.0182,9503.0,0.0002,0.0211,287.0,-0.0099,-0.0279,2087.0,-0.0005,-0.0211,1037084.0,-0.0078,-0.0453,41264,-0.0083,0.225,0.298,0.0036,-0.0805,0.0
202507,Colorado,CO,599000.0,-0.0016,-0.0362,32276,0.0399,0.3597,56,0.1327,0.2472,9836,-0.1997,-0.0281,292,-0.1934,-0.1043,0.0055,-0.0013,-0.0019,14672.0,-0.0052,0.2321,0.2841,0.0043,0.0107,9502.0,-0.0662,0.0193,290.0,-0.0116,-0.0274,2088.0,0.0026,-0.0297,1045184.0,0.0156,-0.0522,41610,0.0123,0.261,0.2944,-0.0334,-0.0983,0.0
202507,Texas,TX,375000.0,-0.0079,-0.013,140980,0.0197,0.2408,60,0.0721,0.0917,40154,-0.0928,0.0685,2362,-0.0964,0.0865,0.0107,-0.001,-0.0007,55952.0,-0.0204,0.2196,0.2536,-0.0027,0.0116,39128.0,-0.0551,0.0228,187.0,-0.0068,-0.0107,2024.0,0.0005,-0.0017,533922.0,-0.0099,-0.0162,179734,0.0016,0.1874,0.2775,-0.022,-0.0591,0.0
202506,Colorado,CO,599950.0,0.0019,-0.0323,31038,0.1136,0.4242,49,0.1136,0.225,12290,-0.013,0.0993,362,0.223,0.0402,0.0068,0.0011,-0.0013,14748.0,0.2265,0.3793,0.2798,0.043,0.0296,10175.0,-0.0224,0.1232,293.0,0.0002,-0.0131,2083.0,0.0144,-0.0359,1029083.0,0.028,-0.0551,41105,0.0746,0.3344,0.3278,-0.0456,-0.0879,0.0
202506,Texas,TX,378000.0,0.008,-0.0052,138255,0.049,0.2706,56,0.0882,0.0882,44260,-0.0515,0.0489,2614,-0.0961,0.0965,0.0117,-0.0015,-0.0006,57116.0,0.1516,0.2583,0.2563,0.0282,0.0178,41411.0,-0.0374,0.0311,189.0,-0.0028,-0.0064,2023.0,0.0055,0.0,539255.0,-0.0019,-0.0136,179455,0.0276,0.2064,0.2995,-0.0269,-0.0696,0.0
202505,Texas,TX,375000.0,0.0048,-0.0129,131795,0.0694,0.3034,51,0.02,0.0625,46664,-0.0092,0.1079,2892,-0.0116,0.108,0.0132,-0.0003,-0.0009,49596.0,0.0854,0.2524,0.2281,0.015,0.0133,43022.0,0.0233,0.0315,189.0,0.0048,-0.0058,2012.0,0.0088,-0.0007,540269.0,0.0137,-0.0149,174636,0.0589,0.2248,0.3264,-0.0147,-0.086,0.0
202505,Colorado,CO,598820.0,0.0201,-0.0301,27873,0.1569,0.5111,44,0.0233,0.1733,12452,-0.0212,0.0883,296,-0.2332,-0.1445,0.0057,-0.0024,-0.003,12024.0,0.1957,0.4948,0.2368,0.0221,0.0343,10408.0,-0.0117,0.1231,293.0,0.0034,-0.0166,2053.0,0.0209,-0.0418,1001030.0,-0.0307,-0.0732,38251,0.105,0.3832,0.3734,-0.0637,-0.129,0.0
202504,Texas,TX,373200.0,0.0227,-0.0048,123237,0.089,0.2951,50,-0.0385,0.0417,47098,0.0465,0.0465,2926,0.1341,-0.0975,0.0135,-0.0002,-0.0045,45692.0,0.1894,0.2913,0.2131,0.0119,0.0141,42043.0,0.12,0.0101,188.0,0.011,-0.005,1995.0,0.0135,-0.005,532977.0,0.0295,-0.0217,164926,0.0967,0.2088,0.3412,0.0094,-0.0963,0.0
202504,Colorado,CO,587000.0,0.0209,-0.0257,24093,0.1535,0.5031,43,-0.0444,0.075,12722,0.114,0.2022,386,0.2063,0.0158,0.0081,-0.0001,-0.0023,10056.0,0.2204,0.5997,0.2147,0.0156,0.039,10532.0,0.125,0.1382,292.0,0.0036,-0.0091,2011.0,0.0106,-0.0523,1032692.0,-0.0387,-0.0743,34616,0.1464,0.3723,0.4371,-0.0111,-0.1401,0.0
202503,Colorado,CO,575000.0,0.0277,-0.0415,20887,0.1209,0.4847,45,-0.28,0.0465,11420,0.2992,0.2803,320,0.1034,0.0959,0.0083,0.0002,-0.0007,8240.0,0.2944,0.7652,0.1991,0.0148,0.0473,9361.0,0.1501,0.0667,291.0,0.0134,-0.0181,1990.0,0.0145,-0.04,1074228.0,-0.0253,-0.1035,30195,0.1301,0.3151,0.4482,0.0114,-0.1757,0.0
202503,Texas,TX,364900.0,0.0279,-0.0003,113165,0.0689,0.2624,52,-0.2121,0.04,45004,0.2237,0.1054,2580,-0.1871,-0.0759,0.0137,-0.0041,-0.0031,38416.0,0.138,0.316,0.2012,0.0078,0.0195,37539.0,0.1226,0.0456,186.0,0.0109,-0.0029,1968.0,0.01,-0.0081,517693.0,0.0235,-0.0179,150378,0.0816,0.2005,0.3317,0.0158,-0.0688,0.0
202502,Colorado,CO,559475.0,0.0,-0.0589,18634,0.0439,0.438,63,-0.2188,0.0246,8790,0.1034,0.1499,290,-0.1989,-0.0705,0.0081,-0.0031,-0.0029,6366.0,0.2955,0.6753,0.1843,0.0338,0.0479,8140.0,0.2782,0.0479,287.0,0.0077,-0.0172,1962.0,-0.0008,-0.0493,1102085.0,0.0064,-0.093,26719,0.1055,0.292,0.4368,0.0801,-0.1626,0.0
202502,Texas,TX,355000.0,0.0002,-0.0138,105867,0.0323,0.2481,66,-0.1081,0.082,36776,0.1167,0.0396,3174,0.1601,0.068,0.0178,0.0012,-0.0016,33758.0,0.1428,0.2461,0.1934,0.0156,0.0159,33440.0,0.1916,0.0365,184.0,0.0036,-0.0055,1949.0,-0.0008,-0.0114,505819.0,0.0094,-0.0194,139036,0.0661,0.1901,0.3159,0.0422,-0.0645,0.0
202501,Texas,TX,354945.0,-0.0127,-0.0139,102552,-0.0512,0.2252,74,0.035,0.0423,32934,0.3074,0.0999,2736,0.084,0.027,0.0166,0.0012,-0.002,29540.0,0.24,0.2222,0.1778,0.0326,0.0042,28064.0,-0.0852,0.0526,183.0,-0.0042,-0.0049,1950.0,-0.0084,-0.0149,501099.0,-0.014,-0.0208,130410,-0.0584,0.1822,0.2737,-0.0102,-0.0449,0.0
202501,Colorado,CO,559500.0,-0.0096,-0.0436,17850,-0.0695,0.3845,80,0.0191,0.0526,7966,0.7885,0.2455,362,0.4365,0.3923,0.0112,0.0024,0.0008,4914.0,-0.0466,0.3796,0.1505,-0.018,0.0124,6368.0,-0.0781,-0.0079,285.0,0.004,-0.01,1963.0,-0.0165,-0.0478,1095067.0,0.0479,-0.0905,24169,-0.072,0.253,0.3568,-0.0033,-0.1411,0.0
202412,Texas,TX,359500.0,-0.0151,-0.0151,108089,-0.0627,0.2211,72,0.1,0.1,25190,-0.2019,0.0549,2524,0.1248,0.3599,0.0154,0.0029,0.0025,23822.0,-0.3268,0.1564,0.1452,-0.0482,-0.0026,30676.0,-0.1374,0.1322,184.0,-0.0065,-0.0035,1967.0,-0.0083,-0.0168,508220.0,-0.0185,-0.0276,138492,-0.0814,0.1998,0.2838,-0.0246,-0.0223,0.0
202412,Colorado,CO,564950.0,-0.0243,-0.0503,19184,-0.1682,0.3078,79,0.1716,0.1056,4454,-0.2202,0.1351,252,-0.137,0.2115,0.0089,0.001,0.0012,5154.0,-0.285,0.7365,0.1685,-0.0252,0.0488,6908.0,-0.1691,0.1034,284.0,-0.0053,-0.0048,1996.0,-0.0263,-0.0567,1045006.0,0.0543,-0.1008,26045,-0.1683,0.2476,0.3601,-0.0004,-0.0667,0.0
202411,Texas,TX,365000.0,-0.0162,-0.0135,115315,-0.004,0.2407,65,0.0484,0.1304,31564,-0.0748,0.0672,2244,-0.1329,0.0799,0.0125,-0.0014,-0.0013,35388.0,-0.0683,0.0842,0.1935,-0.011,-0.0217,35564.0,-0.0177,0.2509,185.0,-0.0049,-0.0017,1983.0,-0.009,-0.0164,517790.0,-0.013,-0.0299,150765,-0.0056,0.2453,0.3084,-0.0043,0.0025,0.0
202411,Colorado,CO,579000.0,-0.0253,-0.0334,23063,-0.0766,0.351,67,0.1074,0.1754,5712,-0.2757,-0.0024,292,-0.2981,-0.1412,0.0079,-0.002,-0.0036,7208.0,-0.2994,0.1358,0.1937,-0.0517,-0.0197,8313.0,-0.0881,0.1898,285.0,-0.0105,0.0061,2050.0,-0.0168,-0.0577,991221.0,-0.0192,-0.1252,31314,-0.0799,0.3048,0.3604,-0.0045,-0.0489,0.0
202410,Colorado,CO,594000.0,-0.0096,-0.0221,24977,-0.0057,0.3953,61,0.0522,0.1863,7886,-0.1551,0.1098,416,0.2308,0.5758,0.0099,0.0022,0.0018,10288.0,-0.0163,0.2799,0.2454,0.0073,0.0013,9116.0,-0.0299,0.185,288.0,-0.0132,0.0105,2085.0,-0.0109,-0.0601,1010601.0,-0.0421,-0.1171,34032,-0.0123,0.3321,0.365,-0.0091,-0.0648,0.0
202410,Texas,TX,371000.0,-0.0107,-0.0107,115782,0.0075,0.2615,62,0.0333,0.1589,34116,-0.0224,0.0438,2588,-0.0744,0.2551,0.0139,-0.001,0.0006,37984.0,-0.0938,0.0354,0.2045,-0.0183,-0.0331,36204.0,-0.0151,0.1803,186.0,-0.0043,-0.0027,2001.0,-0.0055,-0.0126,524588.0,-0.0083,-0.0248,151611,0.0019,0.2399,0.3127,-0.0072,-0.0215,0.0
202409,Texas,TX,374999.0,-0.0079,-0.0129,114916,0.0036,0.3127,60,0.0345,0.1765,34896,-0.0202,0.0388,2796,0.0871,0.5603,0.015,0.0013,0.0034,41914.0,-0.033,0.1563,0.2228,-0.0067,-0.0126,36758.0,0.0041,0.0921,187.0,-0.0056,-0.0032,2012.0,-0.0059,-0.0152,528991.0,-0.0135,-0.0263,151331,0.0035,0.2515,0.3199,0.0002,-0.0646,0.0
202409,Colorado,CO,599749.0,-0.0168,-0.048,25121,0.0215,0.3813,58,0.1058,0.1735,9334,0.0041,0.1773,338,0.0563,-0.0611,0.0078,0.0002,-0.0028,10458.0,-0.0349,0.2969,0.2381,-0.0112,0.0025,9397.0,0.0096,0.1552,292.0,-0.0095,0.0045,2108.0,-0.0113,-0.0522,1055053.0,-0.0288,-0.1115,34455,0.0228,0.3205,0.374,-0.0044,-0.0732,0.0
202408,Colorado,CO,610000.0,-0.0185,-0.0504,24593,0.036,0.3925,52,0.1685,0.1818,9296,-0.0814,0.0315,320,-0.0184,-0.0303,0.0076,0.0001,-0.0019,10836.0,-0.09,0.3508,0.2494,-0.024,0.0199,9307.0,-0.0016,0.0823,295.0,-0.0094,0.0162,2132.0,-0.0093,-0.055,1086304.0,-0.0149,-0.0986,33686,0.0208,0.2887,0.3784,-0.0143,-0.1085,0.0
202408,Texas,TX,378000.0,-0.0051,-0.0237,114506,0.0078,0.3539,58,0.0642,0.1837,35616,-0.0523,0.037,2572,0.1831,0.2822,0.0136,0.0022,0.0008,43344.0,-0.0552,0.228,0.2296,-0.0124,0.0034,36608.0,-0.043,-0.0212,188.0,-0.0056,-0.0033,2024.0,-0.0017,-0.0203,536254.0,-0.0119,-0.0271,150807,-0.0037,0.2388,0.3197,-0.017,-0.1225,0.0
202407,Texas,TX,379945.0,-0.0001,-0.0304,113622,0.0442,0.3925,55,0.0686,0.2111,37580,-0.1094,-0.032,2174,-0.0881,0.0392,0.0114,-0.0009,-0.0015,45876.0,0.0107,0.3163,0.242,0.0034,0.0255,38255.0,-0.0475,-0.0391,189.0,-0.0025,-0.0052,2028.0,0.0022,-0.0229,542692.0,-0.0074,-0.0294,151368,0.0176,0.2501,0.3367,-0.0324,-0.1512,0.0
202407,Colorado,CO,621495.0,0.0024,-0.0439,23738,0.0892,0.4145,45,0.1125,0.1711,10120,-0.0948,0.1058,326,-0.0632,0.2937,0.0074,-0.0007,0.0001,11908.0,0.1137,0.6268,0.2734,0.0232,0.0598,9322.0,0.029,0.0548,298.0,0.0029,0.0151,2152.0,-0.0037,-0.0582,1102788.0,0.0125,-0.1097,32998,0.0712,0.2987,0.3927,-0.023,-0.1339,0.0
202406,Colorado,CO,620000.0,0.0042,-0.0462,21793,0.1815,0.4482,40,0.0667,0.1111,11180,-0.0229,0.0711,348,0.0058,0.0807,0.0082,-0.0006,-0.0013,10692.0,0.3292,0.708,0.2502,0.0477,0.0688,9059.0,-0.0225,0.0095,297.0,-0.0033,0.0119,2160.0,0.0082,-0.0524,1089148.0,0.0084,-0.0933,30805,0.1139,0.2892,0.4157,-0.0867,-0.1807,0.0
202406,Texas,TX,379990.0,0.0002,-0.0379,108808,0.0761,0.4208,51,0.0625,0.1461,42196,0.0019,0.0521,2384,-0.0866,0.0093,0.0123,-0.0018,-0.0024,45392.0,0.1463,0.4395,0.2385,0.0238,0.0418,40162.0,-0.037,-0.0256,190.0,-0.0022,-0.0065,2023.0,0.0047,-0.0236,546715.0,-0.0031,-0.0287,148754,0.0433,0.2657,0.3691,-0.0434,-0.1691,0.0
202405,Colorado,CO,617400.0,0.0247,-0.0493,18446,0.1508,0.3925,38,-0.0625,0.0135,11442,0.0813,0.1374,346,-0.0895,-0.0442,0.0088,-0.0017,-0.0025,8044.0,0.2797,0.6336,0.2025,0.0268,0.0498,9268.0,0.0016,0.0108,298.0,0.011,0.0274,2143.0,0.0097,-0.0526,1080121.0,-0.0318,-0.1127,27654,0.0963,0.2355,0.5024,-0.0748,-0.1897,0.0
202405,Texas,TX,379900.0,0.0131,-0.0258,101118,0.0627,0.4203,48,0.0,0.0667,42118,-0.0642,0.0867,2610,-0.1949,0.0994,0.0141,-0.0039,-0.0015,39600.0,0.1191,0.4695,0.2148,0.0158,0.0371,41707.0,0.002,0.0014,190.0,0.0056,0.0001,2014.0,0.0045,-0.0226,548435.0,0.0067,-0.0191,142582,0.045,0.2634,0.4125,-0.025,-0.1725,0.0
202404,Texas,TX,375000.0,0.0274,-0.0257,95156,0.0615,0.3827,48,-0.04,0.0213,45006,0.1055,0.2333,3242,0.1612,0.1954,0.018,0.0012,-0.0001,35384.0,0.2121,0.4417,0.199,0.0172,0.0324,41624.0,0.1594,0.0362,189.0,0.0131,0.0036,2005.0,0.0103,-0.0184,544805.0,0.0336,-0.0051,136437,0.0892,0.2548,0.4374,0.0369,-0.1463,0.0
202404,Colorado,CO,602500.0,0.0043,-0.0584,16029,0.1394,0.315,40,-0.0698,0.0256,10582,0.1863,0.131,380,0.3014,0.0326,0.0105,0.0015,-0.0015,6286.0,0.3466,0.5842,0.1757,0.0238,0.0505,9253.0,0.0544,0.0593,295.0,-0.0056,0.0273,2122.0,0.0236,-0.0433,1115554.0,-0.069,-0.1171,25224,0.0986,0.212,0.5773,-0.0466,-0.1394,0.0
202403,Colorado,CO,599900.0,0.0091,-0.0378,14068,0.0857,0.2432,43,-0.2951,-0.1042,8920,0.1669,0.1297,292,-0.0641,-0.0759,0.009,-0.002,-0.0028,4668.0,0.2284,0.3665,0.1519,0.0155,0.0254,8776.0,0.1298,0.1333,296.0,0.0144,0.0382,2073.0,0.0047,-0.0435,1198196.0,-0.0139,-0.0731,22961,0.1103,0.212,0.6238,0.0244,-0.0605,0.0
202403,Texas,TX,365000.0,0.014,-0.0201,89640,0.0568,0.3082,50,-0.1803,-0.0385,40712,0.1509,0.2048,2792,-0.0606,0.0923,0.0168,-0.0026,-0.0016,29192.0,0.0775,0.2628,0.1817,0.0043,0.0151,35902.0,0.1128,-0.0237,187.0,0.0082,0.0065,1984.0,0.0066,-0.0171,527113.0,0.0219,0.0028,125261,0.0722,0.1924,0.4005,0.0202,-0.1362,0.0
202402,Texas,TX,359950.0,0.0,-0.0138,84826,0.0134,0.2276,61,-0.1408,-0.0543,35374,0.1814,0.1501,2972,0.1156,0.2081,0.0194,0.0007,0.0012,27092.0,0.1209,0.2318,0.1775,0.0038,0.0147,32262.0,0.2101,-0.0686,185.0,0.0042,0.0095,1971.0,-0.0043,-0.0196,515832.0,0.008,0.0085,116822,0.059,0.1288,0.3803,0.0618,-0.121,0.0
202402,Colorado,CO,594500.0,0.0162,0.0035,12958,0.0051,0.1474,61,-0.1974,-0.0963,7644,0.1951,0.1498,312,0.2,0.2188,0.011,0.0006,0.001,3800.0,0.0668,0.1243,0.1364,-0.0017,0.0023,7768.0,0.2101,0.0541,292.0,0.015,0.0565,2063.0,0.0008,-0.0315,1215039.0,0.0091,-0.0199,20680,0.0722,0.114,0.5994,0.1016,-0.053,0.0
202401,Texas,TX,359945.0,-0.0138,-0.0138,83701,-0.0544,0.1559,71,0.0923,0.0,29942,0.2539,0.0038,2664,0.4353,0.0091,0.0187,0.0057,-0.0015,24170.0,0.1733,-0.0736,0.1736,0.0257,-0.0265,26662.0,-0.0159,-0.0377,184.0,-0.0029,0.0111,1980.0,-0.0102,-0.0193,511736.0,-0.0208,0.0132,110315,-0.0443,0.1041,0.3185,0.0124,-0.0641,0.0
202401,Colorado,CO,585000.0,-0.0166,0.0087,12893,-0.121,0.0547,76,0.0704,-0.013,6396,0.63,0.1221,260,0.25,-0.058,0.0104,0.0027,-0.0015,3562.0,0.2001,-0.0743,0.1381,0.0184,-0.0241,6419.0,0.0254,0.1223,288.0,0.0093,0.057,2062.0,-0.0258,-0.0299,1204053.0,0.0361,0.0283,19288,-0.0761,0.0808,0.4979,0.0711,0.03,0.0
202312,Texas,TX,365000.0,-0.0135,-0.0135,88514,-0.0477,0.1358,65,0.1304,0.0,23880,-0.1926,0.0591,1856,-0.1068,0.0109,0.0129,-0.0009,-0.0006,20600.0,-0.3689,-0.0747,0.1479,-0.0673,-0.0247,27093.0,-0.047,-0.057,185.0,-0.0047,0.0111,2000.0,-0.0079,-0.0182,522624.0,-0.0209,0.0218,115426,-0.0466,0.0841,0.3061,0.0002,-0.0626,0.0
202312,Colorado,CO,594900.0,-0.0068,0.0335,14668,-0.1407,0.0432,71,0.2456,0.0143,3924,-0.3147,0.0458,208,-0.3882,-0.1186,0.0077,-0.0037,-0.0033,2968.0,-0.5323,-0.2081,0.1197,-0.0937,-0.0377,6260.0,-0.1041,0.0276,285.0,0.0056,0.0614,2116.0,-0.0274,-0.0149,1162102.0,0.0256,0.0711,20876,-0.1302,0.0404,0.4268,0.0175,-0.0065,0.0
202311,Texas,TX,370000.0,-0.0133,-0.016,92944,0.0126,0.1193,58,0.0748,0.0455,29576,-0.0951,0.0303,2078,0.0078,0.0097,0.0138,0.0005,-0.0006,32640.0,-0.1102,-0.0757,0.2152,-0.0225,-0.0309,28431.0,-0.0731,-0.1043,186.0,-0.0059,0.0063,2016.0,-0.0052,-0.0163,533767.0,-0.0077,0.0241,121065,-0.0099,0.0567,0.3059,-0.0283,-0.0764,0.0
202311,Colorado,CO,599000.0,-0.0139,0.0311,17071,-0.0464,0.0159,57,0.1176,0.0088,5726,-0.1942,0.0021,340,0.2879,0.6346,0.0115,0.0033,0.0046,6346.0,-0.2105,-0.1536,0.2134,-0.0307,-0.0417,6987.0,-0.0918,0.0039,284.0,-0.0062,0.0509,2176.0,-0.0193,-0.0084,1133078.0,-0.0101,0.0853,24000,-0.0606,0.0147,0.4093,-0.0205,-0.0049,0.0
202310,Colorado,CO,607450.0,-0.0358,0.0141,17901,-0.0157,0.0017,51,0.0408,0.02,7106,-0.1037,-0.1001,264,-0.2667,0.0645,0.0081,-0.0024,0.0008,8038.0,-0.0032,-0.215,0.2441,0.0085,-0.0556,7693.0,-0.0542,-0.0506,285.0,-0.0191,0.0454,2218.0,-0.0026,-0.0008,1144689.0,-0.036,0.0626,25548,-0.0209,-0.0158,0.4298,-0.0175,-0.0237,0.0
202310,Texas,TX,375000.0,-0.0129,-0.0157,91783,0.0485,0.1277,54,0.049,0.049,32684,-0.027,-0.0535,2062,0.1507,0.0542,0.0133,0.0017,0.0004,36684.0,0.012,-0.0858,0.2376,0.0022,-0.0287,30673.0,-0.0887,-0.1429,187.0,-0.0048,0.0015,2027.0,-0.0081,-0.0153,537926.0,-0.0099,0.0196,122280,0.0112,0.0486,0.3342,-0.0503,-0.1055,0.0
202309,Texas,TX,379900.0,-0.0188,-0.0258,87541,0.0351,0.1238,51,0.0408,0.0851,33592,-0.022,-0.0655,1792,-0.1067,-0.1742,0.0116,-0.0013,-0.0023,36248.0,0.027,-0.0729,0.2354,0.0093,-0.0188,33658.0,-0.1001,-0.1706,188.0,-0.0056,-0.0049,2043.0,-0.0111,-0.0116,543304.0,-0.0143,0.0207,120922,-0.0067,0.0212,0.3845,-0.0578,-0.1365,0.0
202309,Colorado,CO,629990.0,-0.0193,0.05,18186,0.0298,0.0136,49,0.1136,0.1136,7928,-0.1203,-0.1068,360,0.0909,0.4516,0.0105,0.0011,0.0042,8064.0,0.0052,-0.206,0.2357,0.0062,-0.0397,8134.0,-0.0541,-0.1596,291.0,0.002,0.0515,2224.0,-0.0142,0.0052,1187399.0,-0.0147,0.0879,26092,-0.0018,-0.0467,0.4473,-0.0396,-0.0922,0.0
202308,Colorado,CO,642400.0,-0.0117,0.0433,17661,0.0523,-0.0204,44,0.1579,0.1733,9012,-0.0153,-0.0965,330,0.3095,0.0577,0.0094,0.0021,0.0012,8022.0,0.0959,-0.2209,0.2295,0.0159,-0.0377,8599.0,-0.027,-0.1513,290.0,-0.0104,0.0459,2256.0,-0.0127,0.0071,1205123.0,-0.027,0.0909,26139,0.0287,-0.0659,0.4869,-0.0397,-0.0751,0.0
202308,Texas,TX,387170.0,-0.012,-0.0235,84575,0.0365,0.1089,49,0.0889,0.2564,34346,-0.1153,-0.1192,2006,-0.0411,-0.1271,0.0129,-0.0001,-0.0019,35296.0,0.0127,-0.0659,0.2261,0.0096,-0.0127,37403.0,-0.0605,-0.1337,189.0,-0.0075,-0.0062,2066.0,-0.0043,-0.0065,551212.0,-0.0142,0.0172,121735,0.0054,0.0228,0.4422,-0.0457,-0.1238,0.0
202307,Colorado,CO,650000.0,0.0,0.0319,16782,0.1152,-0.0203,38,0.0556,0.3103,9152,-0.1232,-0.2191,252,-0.2174,-0.2222,0.0074,-0.0021,-0.0009,7320.0,0.1693,-0.3141,0.2136,0.0322,-0.0558,8838.0,-0.0152,-0.092,293.0,-0.0003,0.0432,2285.0,0.0024,0.0079,1238614.0,0.0311,0.1133,25409,0.0634,-0.0506,0.5266,-0.0697,-0.0416,0.0
202307,Texas,TX,391860.0,-0.0079,-0.0203,81594,0.0654,0.1897,45,0.0112,0.4063,38824,-0.032,-0.1425,2092,-0.1143,-0.1426,0.0129,-0.0018,-0.0028,34852.0,0.1052,-0.0776,0.2165,0.0198,-0.0172,39811.0,-0.0341,-0.1311,190.0,-0.0038,-0.0128,2075.0,0.0014,-0.011,559132.0,-0.0067,-0.0033,121082,0.0303,0.061,0.4879,-0.0503,-0.1801,0.0
202306,Texas,TX,394975.0,0.0129,-0.0186,76583,0.0757,0.3973,45,-0.0111,0.5345,40106,0.0348,-0.1949,2362,-0.0051,-0.1073,0.0148,-0.0009,-0.0031,31534.0,0.1702,0.1769,0.1967,0.019,0.023,41216.0,-0.0104,-0.172,191.0,0.0044,-0.0108,2072.0,0.0058,-0.0129,562878.0,0.0067,-0.0124,117527,0.0414,0.1265,0.5382,-0.0468,-0.3701,0.0
202306,Colorado,CO,650000.0,0.0008,0.0015,15049,0.1361,0.1258,36,-0.027,0.5652,10438,0.0376,-0.2606,322,-0.1105,-0.0417,0.0094,-0.0018,0.0006,6260.0,0.2713,-0.1568,0.1814,0.0287,-0.0123,8974.0,-0.0212,-0.1716,294.0,0.012,0.036,2280.0,0.008,-0.002,1201238.0,-0.0132,0.0689,23894,0.0675,-0.0106,0.5963,-0.0958,-0.2142,0.0
202305,Texas,TX,389950.0,0.0131,-0.0153,71195,0.0345,0.6142,45,-0.0426,0.5517,38758,0.0621,-0.1494,2374,-0.1246,-0.3087,0.0156,-0.0025,-0.0089,26948.0,0.0979,0.6684,0.1777,0.0111,0.0646,41649.0,0.0369,-0.1939,190.0,0.009,0.0018,2060.0,0.0088,-0.0031,559129.0,0.0211,-0.0065,112853,0.0379,0.177,0.585,0.0013,-0.5865,0.0
202305,Colorado,CO,649450.0,0.0149,-0.0005,13246,0.0867,0.2841,37,-0.0513,1.0556,10060,0.0752,-0.2471,362,-0.0163,-0.1084,0.0113,-0.0007,0.0,4924.0,0.2409,0.258,0.1527,0.0275,0.0443,9169.0,0.0496,-0.2088,290.0,0.0109,0.0198,2262.0,0.0196,0.0089,1217317.0,-0.0366,0.0367,22383,0.0755,0.0305,0.6922,-0.0245,-0.4312,1.0
202304,Texas,TX,384900.0,0.0333,0.0406,68817,0.0043,0.97,47,-0.0962,0.5161,36492,0.0799,-0.1293,2712,0.061,-0.2871,0.0181,-0.0003,-0.0106,24544.0,0.0618,1.3969,0.1665,-0.0001,0.086,40168.0,0.0923,-0.2208,188.0,0.0161,0.0393,2042.0,0.0116,0.0089,547588.0,0.0418,0.0045,108735,0.035,0.2588,0.5837,0.047,-0.8921,0.0
202304,Colorado,CO,639900.0,0.0263,0.0157,12189,0.0771,0.6512,39,-0.1875,1.1667,9356,0.1849,-0.2445,368,0.1646,-0.2868,0.0119,0.0001,-0.0045,3968.0,0.1616,1.0245,0.1252,-0.0013,0.0615,8735.0,0.128,-0.2212,287.0,0.005,0.0113,2218.0,0.0234,0.0403,1263580.0,-0.0225,-0.0031,20812,0.0985,0.1312,0.7166,0.0323,-0.8027,1.0
202303,Colorado,CO,623498.0,0.0524,0.0122,11316,0.002,0.7652,48,-0.2889,1.1333,7896,0.1877,-0.219,316,0.2344,-0.4296,0.0118,0.0018,-0.0089,3416.0,0.0107,2.2287,0.1265,-0.0076,0.0866,7744.0,0.051,-0.2388,285.0,0.0323,0.0111,2167.0,0.0174,0.0407,1292655.0,0.0427,-0.0323,18945,0.0206,0.1511,0.6843,0.0319,-0.9026,1.0
202303,Texas,TX,372495.0,0.0205,0.058,68521,-0.0084,1.093,52,-0.1938,0.4648,33792,0.0986,-0.0606,2556,0.039,-0.4686,0.0184,0.0002,-0.0226,23116.0,0.051,1.9666,0.1666,0.0039,0.1002,36773.0,0.0616,-0.2505,185.0,0.0112,0.0555,2019.0,0.004,0.008,525625.0,0.0276,0.0093,105053,0.0151,0.2886,0.5367,0.0354,-0.9619,0.0
202302,Texas,TX,365000.0,0.0,0.0657,69099,-0.0458,1.0925,65,-0.0915,0.6329,30758,0.0312,-0.0478,2460,-0.0682,-0.6036,0.0182,-0.002,-0.0372,21994.0,-0.157,2.2886,0.1628,-0.0374,0.1021,34639.0,0.2502,-0.2552,183.0,0.0058,0.0705,2011.0,-0.004,0.0073,511505.0,0.0127,0.0169,103494,0.0358,0.3071,0.5013,0.1187,-0.9071,0.0
202302,Colorado,CO,592450.0,0.0216,-0.0097,11293,-0.0762,0.9103,68,-0.1234,1.25,6648,0.1663,-0.1742,256,-0.0725,-0.4818,0.01,-0.0019,-0.0109,3380.0,-0.1216,3.4947,0.1341,-0.0281,0.1014,7369.0,0.2883,-0.2135,277.0,0.0155,-0.0003,2130.0,0.0025,0.0504,1239730.0,0.0588,-0.093,18564,0.0402,0.2246,0.6525,0.1846,-0.9324,1.0
202301,Colorado,CO,579950.0,0.0075,0.0002,12224,-0.1306,1.0726,77,0.1,0.4259,5700,0.5192,-0.1553,276,0.1695,-0.5605,0.0119,0.0009,-0.0196,3848.0,0.0267,3.6029,0.1622,0.0048,0.1213,5720.0,-0.0611,-0.2987,272.0,0.0135,0.0057,2125.0,-0.0107,0.0296,1170883.0,0.0792,-0.1277,17846,-0.1106,0.2843,0.4679,0.0346,-0.9148,0.0
202301,Texas,TX,365000.0,-0.0135,0.0736,72413,-0.0708,0.9777,71,0.0923,0.2241,29828,0.3229,-0.0259,2640,0.4379,-0.5742,0.0202,0.0066,-0.0367,26090.0,0.1718,2.3143,0.2001,0.0276,0.1279,27707.0,-0.0356,-0.3254,182.0,-0.0029,0.0791,2019.0,-0.0091,0.0052,505083.0,-0.0125,0.0321,99915,-0.0616,0.2884,0.3826,0.014,-0.7392,0.0
202212,Colorado,CO,575614.0,-0.0092,0.0475,14061,-0.1632,0.6511,70,0.2389,0.3333,3752,-0.3434,-0.3146,236,0.1346,-0.553,0.011,0.0042,-0.0121,3748.0,-0.5001,1.8567,0.1574,-0.0978,0.0987,6092.0,-0.1247,-0.2878,269.0,-0.0044,0.0536,2148.0,-0.021,0.0013,1084963.0,0.0392,-0.0733,20066,-0.1516,0.1893,0.4333,0.0191,-0.5712,0.0
202212,Texas,TX,370000.0,-0.016,0.0709,77929,-0.0615,0.8644,65,0.1818,0.2745,22548,-0.2145,-0.1684,1836,-0.1079,-0.5189,0.0136,-0.0008,-0.0198,22264.0,-0.3695,1.3945,0.1726,-0.0735,0.0918,28730.0,-0.0948,-0.3802,183.0,-0.0094,0.0849,2037.0,-0.0061,0.0007,511462.0,-0.0187,0.0378,106472,-0.0707,0.2109,0.3687,-0.0136,-0.7403,0.0
202211,Texas,TX,376000.0,-0.0131,0.0748,83035,0.0202,0.8038,55,0.0784,0.1579,28706,-0.1687,-0.1521,2058,0.0521,-0.415,0.0144,0.0015,-0.0126,35312.0,-0.12,1.7941,0.2461,-0.0202,0.1495,31740.0,-0.1131,-0.3666,185.0,-0.0106,0.0973,2050.0,-0.0041,-0.0012,521203.0,-0.0121,0.0466,114572,-0.0175,0.1984,0.3822,-0.0574,-0.7063,0.0
202211,Colorado,CO,580950.0,-0.0301,0.0202,16804,-0.0597,0.8873,57,0.13,0.314,5714,-0.2763,-0.2725,208,-0.1613,-0.5556,0.0068,-0.0005,-0.01,7498.0,-0.2678,1.8972,0.2551,-0.0446,0.1649,6960.0,-0.1411,-0.4113,270.0,-0.0114,0.0332,2194.0,-0.0117,0.0302,1044008.0,-0.0308,-0.1109,23652,-0.0889,0.1508,0.4142,-0.0392,-0.9137,0.0
202210,Texas,TX,380990.0,-0.023,0.0889,81393,0.0449,0.6617,51,0.0851,0.1333,34532,-0.0393,-0.0153,1956,-0.0986,-0.3574,0.0129,-0.001,-0.0096,40128.0,0.0263,1.5572,0.2663,0.012,0.1492,35788.0,-0.1182,-0.2826,187.0,-0.0111,0.1142,2058.0,-0.0044,-0.0039,527567.0,-0.0088,0.0647,116616,-0.0152,0.1811,0.4397,-0.0813,-0.5787,0.0
202210,Colorado,CO,599000.0,-0.0017,0.0363,17871,-0.004,0.6518,50,0.1364,0.3889,7896,-0.1104,-0.2085,248,0.0,-0.4364,0.0073,0.0009,-0.0073,10240.0,0.0083,1.6667,0.2997,0.0243,0.1836,8103.0,-0.1628,-0.3672,273.0,-0.0134,0.0331,2220.0,0.0034,0.0278,1077222.0,-0.013,-0.0762,25958,-0.0516,0.1034,0.4534,-0.086,-0.7302,0.0
202209,Texas,TX,389950.0,-0.0165,0.1145,77895,0.0213,0.5436,47,0.2051,0.1463,35946,-0.0782,-0.0481,2170,-0.0557,-0.2771,0.0138,-0.0009,-0.0076,39100.0,0.0347,1.1352,0.2543,0.0154,0.1239,40584.0,-0.06,-0.2126,189.0,-0.007,0.1289,2067.0,-0.006,-0.0048,532263.0,-0.0178,0.0758,118415,-0.0051,0.1642,0.521,-0.0451,-0.5003,0.0
202209,Colorado,CO,600000.0,-0.0256,0.0435,17943,-0.0048,0.5629,44,0.1733,0.3333,8876,-0.1101,-0.176,248,-0.2051,-0.4389,0.0064,-0.0019,-0.0061,10156.0,-0.0136,1.3987,0.2754,0.0082,0.1536,9679.0,-0.0448,-0.2607,277.0,-0.0033,0.0393,2213.0,-0.0123,0.0298,1091439.0,-0.012,-0.0672,27372,-0.0219,0.1198,0.5394,-0.0226,-0.6009,0.0
202208,Colorado,CO,615750.0,-0.0225,0.0586,18029,0.0525,0.5616,38,0.2931,0.25,9974,-0.149,-0.1507,312,-0.037,-0.239,0.0083,-0.0001,-0.003,10296.0,-0.0352,1.4112,0.2672,-0.0023,0.1505,10133.0,0.0409,-0.2469,278.0,-0.0129,0.0466,2240.0,-0.0119,0.0337,1104722.0,-0.0071,-0.0832,27985,0.0456,0.1284,0.562,-0.0062,-0.6033,0.0
202208,Texas,TX,396500.0,-0.0088,0.1332,76269,0.1121,0.5145,39,0.2188,0.0833,38994,-0.1387,-0.0458,2298,-0.0582,-0.0628,0.0148,-0.0009,-0.0023,37788.0,0.0001,1.0111,0.2389,0.0052,0.109,43174.0,-0.0577,-0.1778,190.0,-0.0141,0.1486,2080.0,-0.0088,-0.0053,541912.0,-0.034,0.0922,119022,0.0429,0.1643,0.5661,-0.102,-0.4766,0.0
202207,Colorado,CO,629900.0,-0.0294,0.0812,17129,0.2815,0.544,29,0.2609,0.0741,11720,-0.1697,-0.0725,324,-0.0357,-0.4214,0.0083,-0.0005,-0.0067,10672.0,0.4375,1.8233,0.2694,0.0757,0.1682,9734.0,-0.1015,-0.2763,281.0,-0.0072,0.0634,2267.0,-0.0074,0.0409,1112581.0,-0.01,-0.0718,26764,0.1082,0.1024,0.5683,-0.2422,-0.6442,0.0
202207,Texas,TX,400000.0,-0.0061,0.1461,68582,0.2513,0.4976,32,0.1034,-0.0303,45276,-0.0911,0.0206,2440,-0.0779,-0.1689,0.0157,-0.0021,-0.0051,37784.0,0.4102,1.2833,0.2337,0.06,0.1197,45816.0,-0.0796,-0.1459,193.0,-0.0018,0.1706,2098.0,-0.0005,0.0005,560973.0,-0.0157,0.1153,114121,0.0939,0.1495,0.668,-0.2402,-0.5033,0.0
202206,Texas,TX,402450.0,0.0163,0.1839,54809,0.2427,0.3781,29,0.0,-0.1594,49812,0.0932,0.0906,2646,-0.2295,-0.4263,0.0178,-0.0067,-0.0148,26794.0,0.6589,1.4496,0.1737,0.0607,0.0962,49780.0,-0.0366,-0.0966,193.0,0.0172,0.1933,2099.0,0.0157,0.0026,569932.0,0.0127,0.1195,104325,0.088,0.0931,0.9083,-0.2632,-0.4774,0.0
202206,Colorado,CO,649000.0,-0.0012,0.1094,13367,0.2958,0.3956,23,0.2778,0.0222,14116,0.0564,0.034,336,-0.1724,-0.4362,0.0088,-0.0024,-0.0072,7424.0,0.8968,2.2504,0.1937,0.0854,0.1319,10834.0,-0.0651,-0.2161,283.0,-0.0038,0.0599,2284.0,0.019,0.0529,1123804.0,-0.0429,-0.0672,24151,0.112,0.0384,0.8105,-0.3129,-0.6325,0.0
202205,Colorado,CO,649750.0,0.0313,0.13,10316,0.3974,0.2709,18,0.0,-0.3077,13362,0.079,0.1456,406,-0.2132,-0.4423,0.0112,-0.0052,-0.0103,3914.0,0.9969,1.7332,0.1084,0.0447,0.0659,11588.0,0.0332,-0.129,284.0,0.0024,0.0701,2242.0,0.0514,0.0411,1174223.0,-0.0736,-0.0537,21719,0.1805,0.0199,1.1234,-0.396,-0.5157,0.0
202205,Texas,TX,396000.0,0.0706,0.2,44106,0.2626,0.2177,29,-0.0645,-0.1944,45564,0.0871,0.1006,3434,-0.0973,-0.3761,0.0245,-0.0042,-0.0157,16152.0,0.5773,1.008,0.113,0.0324,0.0546,51670.0,0.0023,-0.1357,190.0,0.0468,0.198,2067.0,0.021,-0.0112,562772.0,0.0324,0.1218,95883,0.11,0.0035,1.1715,-0.3043,-0.479,0.0
202204,Colorado,CO,630000.0,0.0227,0.1343,7382,0.1515,-0.0437,18,-0.2,-0.4,12384,0.2249,0.1458,516,-0.0686,-0.1912,0.0165,-0.0042,-0.0047,1960.0,0.8526,0.7438,0.0637,0.0239,0.0279,11216.0,0.1025,-0.1079,284.0,0.0048,0.0744,2132.0,0.0238,0.0053,1267501.0,-0.0512,-0.0204,18398,0.1179,-0.0915,1.5194,-0.0676,-0.1094,0.0
202204,Texas,TX,369900.0,0.0506,0.1594,34932,0.067,-0.0296,31,-0.1268,-0.2051,41912,0.1651,0.0513,3804,-0.2091,-0.3036,0.0287,-0.0123,-0.012,10240.0,0.3142,0.3403,0.0806,0.0142,0.0237,51551.0,0.0508,-0.1004,181.0,0.0319,0.1815,2024.0,0.0107,-0.0208,545136.0,0.0468,0.1187,86378,0.0596,-0.0753,1.4758,-0.0228,-0.1161,0.0
202203,Colorado,CO,615996.0,0.0297,0.122,6411,0.0844,-0.1797,23,-0.25,-0.3382,10110,0.2559,-0.0121,554,0.1215,-0.1178,0.0207,-0.0002,-0.0014,1058.0,0.4069,0.0496,0.0398,0.0071,0.0051,10173.0,0.0858,-0.1498,282.0,0.0206,0.0791,2083.0,0.0269,0.0031,1335832.0,-0.0227,0.0311,16458,0.0857,-0.1594,1.5869,0.0021,0.0558,0.0
202203,Texas,TX,352075.0,0.028,0.1506,32738,-0.0086,-0.139,36,-0.1013,-0.2604,35972,0.1136,-0.0077,4810,-0.2249,-0.3458,0.041,-0.0144,-0.0169,7792.0,0.1651,-0.0061,0.0664,0.0057,0.0048,49060.0,0.0548,-0.0594,176.0,0.0256,0.1739,2003.0,0.0033,-0.0281,520789.0,0.0354,0.1084,81522,0.0296,-0.0933,1.4986,0.0901,0.1268,0.0
202202,Texas,TX,342500.0,0.0074,0.143,33022,-0.0981,-0.1931,40,-0.319,-0.2178,32302,0.0549,0.027,6206,0.001,-0.0193,0.0554,-0.0015,0.004,6688.0,-0.1504,-0.1521,0.0607,-0.0116,-0.0037,46509.0,0.1323,-0.0778,171.0,0.0139,0.165,1996.0,-0.006,-0.0297,502992.0,0.0278,0.0933,79178,0.021,-0.1381,1.4084,0.2866,0.176,0.0
202202,Colorado,CO,598235.0,0.0317,0.1289,5912,0.0023,-0.255,30,-0.4444,-0.2771,8050,0.1929,-0.0965,494,-0.2134,-0.4688,0.0209,-0.0106,-0.0123,752.0,-0.1005,-0.3274,0.0327,-0.0082,-0.0072,9369.0,0.1489,-0.1792,277.0,0.0217,0.0714,2028.0,-0.0174,-0.0129,1366873.0,0.0184,0.0797,15159,0.0909,-0.2073,1.5849,0.2022,0.1463,0.0
202201,Texas,TX,339990.0,-0.0159,0.1371,36614,-0.124,-0.2311,58,0.1373,-0.0492,30620,0.1293,-0.0372,6200,0.6247,-0.1742,0.0569,0.0235,-0.0059,7872.0,-0.1534,-0.2746,0.0723,-0.0085,-0.0161,41073.0,-0.1139,-0.0277,169.0,0.0025,0.1655,2008.0,-0.0135,-0.0323,489370.0,-0.007,0.0857,77547,-0.1181,-0.1391,1.1218,0.0128,0.2346,0.0
202201,Colorado,CO,579834.0,0.0552,0.1151,5898,-0.3074,-0.3101,54,0.0286,-0.1818,6748,0.2327,-0.1419,628,0.1894,-0.203,0.0316,0.0085,0.0019,836.0,-0.3628,-0.3924,0.0409,-0.0177,-0.0118,8155.0,-0.0466,-0.1276,271.0,0.0618,0.065,2064.0,-0.0379,0.0093,1342220.0,0.1465,0.0686,13896,-0.1764,-0.2184,1.3827,0.3782,0.2892,0.0
202112,Colorado,CO,549500.0,-0.035,0.0764,8516,-0.0435,-0.1542,53,0.2209,-0.1463,5474,-0.303,-0.1131,528,0.1282,-0.1258,0.0231,0.0062,0.0007,1312.0,-0.493,-0.2327,0.0586,-0.0316,-0.0047,8554.0,-0.2765,-0.2104,255.0,-0.0236,0.0215,2145.0,0.0073,0.0384,1170730.0,-0.003,-0.0103,16873,-0.1791,-0.1881,1.0045,-0.3234,-0.0715,0.0
202112,Texas,TX,345500.0,-0.0124,0.1521,41799,-0.092,-0.2275,51,0.0737,-0.15,27114,-0.1991,-0.0105,3816,0.0847,-0.173,0.0334,0.0064,-0.0025,9298.0,-0.2643,-0.1854,0.0807,-0.0158,-0.0078,46355.0,-0.0749,-0.0148,169.0,0.002,0.1663,2036.0,-0.008,-0.0316,492843.0,-0.0104,0.0886,87931,-0.0802,-0.1288,1.109,0.0205,0.2394,0.0
202111,Texas,TX,349833.0,-0.0002,0.1493,46035,-0.0602,-0.2249,48,0.0556,-0.1518,33856,-0.0346,0.0673,3518,0.1557,-0.1076,0.0269,0.0045,-0.0008,12638.0,-0.1946,-0.2004,0.0966,-0.0206,-0.0143,50109.0,0.0045,-0.0259,168.0,0.0046,0.1637,2052.0,-0.0068,-0.0389,498001.0,0.005,0.0871,95603,-0.0317,-0.1369,1.0885,0.0701,0.2224,0.0
202111,Colorado,CO,569450.0,-0.0148,0.1217,8904,-0.177,-0.2606,43,0.1944,-0.1485,7854,-0.2127,-0.0041,468,0.0636,-0.2778,0.0168,0.0022,-0.003,2588.0,-0.326,-0.1362,0.0902,-0.0259,0.0005,11823.0,-0.0768,-0.0891,261.0,-0.0116,0.0613,2130.0,-0.014,0.0156,1174290.0,0.007,0.0747,20553,-0.1263,-0.1739,1.3279,0.1442,0.2501,0.0
202110,Texas,TX,349900.0,0.0,0.1324,48982,-0.0294,-0.2232,45,0.0976,-0.1667,35068,-0.0713,0.0034,3044,0.014,-0.411,0.0225,0.001,-0.0116,15692.0,-0.1431,-0.1327,0.1171,-0.0132,-0.0021,49885.0,-0.0321,-0.073,167.0,0.0019,0.1631,2066.0,-0.0053,-0.0444,495502.0,0.0015,0.0796,98737,-0.0292,-0.1545,1.0184,-0.0028,0.1649,0.0
202110,Colorado,CO,578000.0,0.0052,0.1446,10819,-0.0576,-0.2433,36,0.0909,-0.1818,9976,-0.0739,-0.0742,440,-0.0045,-0.5669,0.0146,0.0022,-0.0105,3840.0,-0.0931,-0.0751,0.1161,-0.0057,0.0132,12806.0,-0.0218,-0.1608,264.0,-0.0075,0.0808,2160.0,0.0054,0.0131,1166108.0,-0.0034,0.0862,23525,-0.0376,-0.1988,1.1837,0.0433,0.1164,0.0
202109,Texas,TX,349900.0,0.0,0.1287,50465,0.0021,-0.232,41,0.1389,-0.2407,37762,-0.076,0.0638,3002,0.2243,-0.4649,0.0214,0.0044,-0.0134,18312.0,-0.0254,-0.0376,0.1304,0.0005,0.0102,51538.0,-0.0185,-0.0602,167.0,0.0104,0.1705,2077.0,-0.0065,-0.0529,494754.0,-0.0029,0.0801,101711,-0.005,-0.1501,1.0213,-0.0214,0.1866,0.0
202109,Colorado,CO,575000.0,-0.0115,0.1364,11481,-0.0056,-0.2787,33,0.1,-0.25,10772,-0.0828,-0.0715,442,0.078,-0.47,0.0124,0.0012,-0.0068,4234.0,-0.0084,-0.1205,0.1218,0.0051,0.0099,13092.0,-0.0269,-0.1969,266.0,0.0037,0.1098,2149.0,-0.0085,-0.0156,1170091.0,-0.0289,0.1022,24443,-0.0144,-0.235,1.1403,-0.025,0.1161,0.0
202108,Texas,TX,349900.0,0.0026,0.1287,50358,0.0996,-0.2857,36,0.0909,-0.3077,40866,-0.0788,0.0456,2452,-0.1649,-0.5991,0.017,-0.0038,-0.0201,18790.0,0.1355,-0.1684,0.1298,0.0159,-0.0071,52508.0,-0.0211,-0.0346,165.0,0.0047,0.1727,2091.0,-0.0031,-0.0562,496178.0,-0.0135,0.0929,102227,0.0297,-0.1805,1.0427,-0.1286,0.2712,0.0
202108,Colorado,CO,581674.0,-0.0016,0.1186,11545,0.0407,-0.3327,30,0.1111,-0.3182,11744,-0.0706,-0.0553,410,-0.2679,-0.5949,0.0112,-0.0038,-0.0107,4270.0,0.1296,-0.232,0.1167,0.0154,-0.0046,13454.0,0.0002,-0.1844,265.0,0.0029,0.1336,2167.0,-0.0051,-0.0356,1204921.0,0.0052,0.16,24800,0.0214,-0.2602,1.1653,-0.0471,0.2118,0.0
202107,Colorado,CO,582595.0,-0.0041,0.1204,11094,0.1583,-0.3957,27,0.2,-0.3793,12636,-0.0744,-0.041,560,-0.0604,-0.2432,0.015,-0.001,-0.0004,3780.0,0.655,-0.3979,0.1012,0.0393,-0.0301,13451.0,-0.0267,-0.172,265.0,-0.0104,0.159,2178.0,0.004,-0.0571,1198648.0,-0.0051,0.2544,24279,0.0439,-0.2956,1.2125,-0.2306,0.3276,0.0
202107,Texas,TX,349000.0,0.0266,0.1258,45796,0.1515,-0.3865,33,-0.0435,-0.3714,44364,-0.0287,0.1012,2936,-0.3634,-0.2822,0.0208,-0.0119,-0.0032,16548.0,0.5129,-0.2926,0.114,0.0365,-0.0228,53642.0,-0.0266,-0.0404,165.0,0.0176,0.1756,2097.0,0.0017,-0.0596,502978.0,-0.012,0.1158,99275,0.0402,-0.2375,1.1713,-0.2143,0.4225,0.0
202106,Colorado,CO,585000.0,0.0174,0.1315,9578,0.1799,-0.5007,23,-0.1346,-0.4767,13652,0.1704,-0.0262,596,-0.1813,-0.1946,0.0161,-0.0055,0.0009,2284.0,0.595,-0.6556,0.0619,0.0194,-0.0744,13821.0,0.0388,-0.1198,267.0,0.0057,0.1976,2169.0,0.0075,-0.0723,1204786.0,-0.0291,0.3189,23258,0.0922,-0.3292,1.443,-0.196,0.6244,0.0
202106,Texas,TX,339945.0,0.0301,0.0985,39770,0.098,-0.4971,35,-0.0417,-0.4052,45674,0.1032,0.0863,4612,-0.1621,0.0136,0.0327,-0.0075,0.0069,10938.0,0.3598,-0.561,0.0775,0.0191,-0.0634,55106.0,-0.0783,-0.0118,162.0,0.0213,0.1667,2094.0,0.0017,-0.0629,509112.0,0.0148,0.1458,95441,-0.0012,-0.2875,1.3856,-0.2649,0.6804,0.0
202105,Colorado,CO,575000.0,0.0353,0.1502,8117,0.0516,-0.5531,26,-0.1333,-0.5,11664,0.0792,-0.085,728,0.1411,0.5041,0.0216,0.0004,0.0097,1432.0,0.274,-0.7524,0.0424,0.0066,-0.096,13304.0,0.0582,0.324,266.0,0.0064,0.2441,2153.0,0.0152,-0.0992,1240843.0,-0.041,0.3983,21295,0.0515,-0.2425,1.639,0.0103,1.0858,0.0
202105,Texas,TX,330000.0,0.0343,0.1004,36222,0.0063,-0.5824,36,-0.0769,-0.4375,41400,0.0384,0.0285,5504,0.0077,0.4654,0.0402,-0.0005,0.0185,8044.0,0.0529,-0.6597,0.0584,0.0015,-0.0812,59785.0,0.0433,0.3374,158.0,0.0323,0.1576,2090.0,0.0111,-0.056,501677.0,0.0295,0.1684,95553,0.0229,-0.2708,1.6505,0.0586,1.1351,0.0
202104,Texas,TX,319045.0,0.0426,0.0856,35997,-0.0533,-0.595,39,-0.1875,-0.3276,39868,0.0998,0.2948,5462,-0.2571,1.1253,0.0407,-0.0173,0.0243,7640.0,-0.0255,-0.6045,0.0569,-0.0046,-0.0669,57303.0,0.0986,0.5534,153.0,0.0253,0.142,2067.0,0.0032,-0.0537,487310.0,0.0371,0.1869,93416,0.039,-0.2541,1.5919,0.2201,1.1769,0.0
202104,Colorado,CO,555400.0,0.0117,0.112,7719,-0.0123,-0.5284,30,-0.1176,-0.3478,10808,0.0561,0.5304,638,0.0159,0.4305,0.0211,-0.0009,0.0078,1124.0,0.1151,-0.5427,0.0358,0.0011,-0.0414,12573.0,0.0507,0.4624,264.0,0.0093,0.2354,2121.0,0.0216,-0.0937,1293896.0,-0.0013,0.3973,20252,0.0344,-0.1818,1.6288,0.0976,1.1035,0.0
202103,Texas,TX,306000.0,0.0212,0.057,38024,-0.0709,-0.5719,48,-0.0495,-0.0943,36250,0.1525,-0.1256,7352,0.1618,0.8252,0.0579,0.0065,0.0346,7840.0,-0.0061,-0.6818,0.0616,-0.0028,-0.0809,52161.0,0.0342,0.2464,150.0,0.0178,0.1282,2061.0,0.0017,-0.0565,469874.0,0.0214,0.1529,89908,-0.0213,-0.3102,1.3718,0.1394,0.9006,0.0
202103,Colorado,CO,549000.0,0.0359,0.0778,7815,-0.0151,-0.4912,34,-0.1807,-0.2444,10234,0.1486,-0.1127,628,-0.3247,-0.1054,0.0221,-0.0112,0.0032,1008.0,-0.0984,-0.6957,0.0347,-0.0051,-0.0551,11966.0,0.0483,0.1766,262.0,0.0133,0.2133,2076.0,0.0105,-0.1175,1295525.0,0.0233,0.2811,19579,0.0238,-0.2345,1.5312,0.0926,0.869,0.0
202102,Colorado,CO,529950.0,0.0191,0.0601,7935,-0.0718,-0.4456,42,-0.3712,-0.4236,8910,0.133,0.0898,930,0.1802,0.5,0.0333,0.0036,0.0137,1118.0,-0.1875,-0.6332,0.0399,-0.0128,-0.0561,11415.0,0.2211,0.2175,258.0,0.0156,0.2106,2055.0,0.0046,-0.1226,1265999.0,0.0079,0.2211,19124,0.0757,-0.1895,1.4386,0.3451,0.7834,0.0
202102,Texas,TX,299662.0,0.0022,0.0433,40924,-0.1406,-0.5202,51,-0.1721,-0.2231,31454,-0.011,-0.1488,6328,-0.1572,0.4487,0.0514,-0.0113,0.0243,7888.0,-0.2731,-0.6551,0.0644,-0.024,-0.0816,50435.0,0.1939,0.353,147.0,0.0144,0.1115,2057.0,-0.0087,-0.0543,460048.0,0.0207,0.1292,91864,0.0198,-0.2493,1.2324,0.3452,0.7953,0.0
202101,Texas,TX,299000.0,-0.003,0.053,47616,-0.12,-0.4464,61,0.0167,-0.1812,31804,0.1606,-0.0671,7508,0.6272,0.607,0.0628,0.0269,0.0316,10852.0,-0.0492,-0.5296,0.0884,-0.0002,-0.0649,42243.0,-0.1022,0.4803,145.0,0.0032,0.1077,2075.0,-0.0128,-0.0438,450723.0,-0.0044,0.1294,90076,-0.1075,-0.2122,0.8872,0.0176,0.5554,0.0
202101,Colorado,CO,520000.0,0.0186,0.079,8549,-0.151,-0.4373,66,0.0732,-0.1951,7864,0.2741,0.0237,788,0.3046,0.2049,0.0297,0.0073,0.0083,1376.0,-0.1953,-0.5601,0.0527,-0.0106,-0.0502,9348.0,-0.1372,0.268,254.0,0.0183,0.2065,2045.0,-0.0102,-0.0969,1256035.0,0.0618,0.2679,17778,-0.1446,-0.2183,1.0935,0.0175,0.6082,0.0
202012,Texas,TX,299900.0,-0.0148,0.0523,54108,-0.089,-0.4092,60,0.0714,-0.1549,27402,-0.1362,0.0875,4614,0.1705,0.1746,0.0359,0.0082,0.0098,11414.0,-0.2779,-0.4056,0.0886,-0.0224,-0.0413,47050.0,-0.0854,0.5156,145.0,-0.0003,0.1048,2102.0,-0.0155,-0.0394,452721.0,-0.0118,0.1308,100925,-0.0889,-0.1747,0.8695,0.0034,0.5306,0.0
202012,Colorado,CO,510500.0,0.0056,0.0788,10069,-0.1638,-0.4644,62,0.2178,-0.1961,6172,-0.2173,-0.0216,604,-0.0679,-0.0443,0.0224,0.0026,0.0038,1710.0,-0.4292,-0.4063,0.0633,-0.0264,-0.0211,10834.0,-0.1653,0.2674,250.0,0.0144,0.19,2066.0,-0.0148,-0.0834,1182965.0,0.0827,0.2621,20783,-0.1647,-0.2269,1.076,-0.0019,0.6213,0.0
202011,Texas,TX,304399.0,-0.0149,0.05,59392,-0.0581,-0.3953,56,0.037,-0.1385,31722,-0.0923,0.0568,3942,-0.2372,0.3001,0.0277,-0.0064,0.0089,15806.0,-0.1264,-0.4512,0.1109,-0.0083,-0.0663,51442.0,-0.0441,0.4932,145.0,0.0041,0.1029,2135.0,-0.0125,-0.0374,458114.0,-0.0018,0.1256,110772,-0.0514,-0.1651,0.8661,0.0127,0.5154,0.0
202011,Colorado,CO,507656.0,0.0053,0.0802,12042,-0.1578,-0.4262,51,0.1477,-0.2231,7886,-0.2682,0.1113,648,-0.3622,0.3065,0.0198,-0.0054,0.0072,2996.0,-0.2784,-0.5146,0.0897,-0.0132,-0.0624,12980.0,-0.1494,0.2146,246.0,0.0066,0.1971,2097.0,-0.0164,-0.0934,1092623.0,0.0178,0.2268,24879,-0.1527,-0.2122,1.0779,0.0106,0.5687,0.0
202010,Texas,TX,309000.0,-0.0032,0.0633,63053,-0.0404,-0.384,54,0.0,-0.122,34948,-0.0154,0.0158,5168,-0.0788,0.3781,0.034,-0.0008,0.0123,18092.0,-0.0492,-0.4873,0.1192,-0.001,-0.0835,53815.0,-0.0187,0.497,144.0,0.0083,0.0988,2162.0,-0.0141,-0.0311,458961.0,0.002,0.1219,116773,-0.0242,-0.1533,0.8535,0.0188,0.5023,0.0
202010,Colorado,CO,505000.0,-0.0019,0.0803,14298,-0.1016,-0.3937,44,0.0,-0.2348,10776,-0.0712,0.1408,1016,0.2182,1.2478,0.0252,0.0059,0.0152,4152.0,-0.1375,-0.5345,0.1029,-0.009,-0.094,15260.0,-0.0638,0.2337,244.0,0.0191,0.2005,2132.0,-0.0231,-0.0822,1073552.0,0.0113,0.2333,29362,-0.0811,-0.1808,1.0673,0.0431,0.5427,0.0
202009,Colorado,CO,505975.0,-0.027,0.0807,15916,-0.08,-0.3409,44,0.0,-0.1619,11602,-0.0668,0.1225,834,-0.1759,0.7375,0.0192,-0.0027,0.009,4814.0,-0.1342,-0.4935,0.1119,-0.0093,-0.09,16301.0,-0.0119,0.2842,240.0,0.0253,0.1817,2183.0,-0.0287,-0.0663,1061607.0,0.022,0.2184,31952,-0.0468,-0.13,1.0242,0.0707,0.4985,0.0
202009,Texas,TX,309995.0,0.0,0.0585,65706,-0.068,-0.3694,54,0.0385,-0.0769,35496,-0.0918,-0.0281,5610,-0.0827,0.5821,0.0349,-0.0022,0.015,19028.0,-0.1579,-0.4865,0.1202,-0.0168,-0.0872,54842.0,0.0083,0.4289,143.0,0.0122,0.0899,2193.0,-0.0099,-0.0225,458061.0,0.0089,0.1161,119674,-0.0407,-0.1583,0.8346,0.0632,0.4663,0.0
202008,Texas,TX,310000.0,0.0,0.0454,70500,-0.0556,-0.3344,52,-0.0095,-0.0714,39084,-0.0298,0.0092,6116,0.4954,0.978,0.0371,0.0131,0.0205,22596.0,-0.0341,-0.431,0.137,0.0002,-0.077,54388.0,-0.027,0.3143,141.0,0.0073,0.0756,2215.0,-0.0067,-0.0201,454017.0,0.0072,0.0996,124748,-0.0419,-0.1507,0.7715,0.0226,0.3807,0.0
202008,Colorado,CO,520000.0,0.0,0.1011,17300,-0.0576,-0.2991,44,0.0115,-0.0833,12432,-0.0565,0.1104,1012,0.3676,0.7448,0.0219,0.0064,0.01,5560.0,-0.1144,-0.4347,0.1212,-0.0101,-0.08,16496.0,0.0155,0.2589,234.0,0.0253,0.157,2247.0,-0.0273,-0.0474,1038743.0,0.0871,0.1897,33521,-0.0275,-0.1102,0.9535,0.0687,0.4227,0.0
202007,Colorado,CO,520000.0,0.0058,0.0856,18358,-0.0429,-0.2636,44,0.0116,0.0,13176,-0.0602,0.0652,740,0.0,0.1859,0.0155,0.0003,0.0033,6278.0,-0.0534,-0.3932,0.1313,-0.0049,-0.0728,16245.0,0.0345,0.2093,228.0,0.0226,0.1295,2310.0,-0.0121,-0.0304,955517.0,0.046,0.09,34468,-0.0059,-0.0986,0.8849,0.0663,0.346,0.0
202007,Texas,TX,310000.0,0.0017,0.0355,74650,-0.056,-0.3003,53,-0.0948,-0.0187,40286,-0.0418,-0.0454,4090,-0.1011,0.1876,0.0241,-0.0017,0.0064,23394.0,-0.0611,-0.4345,0.1368,-0.0042,-0.0772,55900.0,0.0025,0.2816,140.0,0.0099,0.0659,2230.0,-0.0018,-0.023,450767.0,0.0145,0.0798,130198,-0.028,-0.1317,0.7488,0.0437,0.34,0.0
202006,Colorado,CO,517000.0,0.0342,0.0773,19181,0.056,-0.1718,43,-0.1731,0.1026,14020,0.0998,-0.0347,740,0.5289,0.2171,0.0152,0.0034,0.0034,6632.0,0.1466,-0.2788,0.1362,-0.0022,-0.0404,15702.0,0.5627,0.1411,223.0,0.0448,0.1083,2338.0,-0.0217,-0.0208,913492.0,0.0294,0.0481,34671,0.2333,-0.0646,0.8186,0.2654,0.2245,0.0
202006,Texas,TX,309460.0,0.0319,0.0316,79078,-0.0882,-0.2393,58,-0.0938,0.0943,42044,0.0445,-0.0745,4550,0.2114,0.4792,0.0257,0.0041,0.0099,24916.0,0.0542,-0.3492,0.1409,0.0013,-0.0572,55763.0,0.2474,0.2619,139.0,0.0133,0.0517,2234.0,0.009,-0.0266,444312.0,0.0348,0.0505,133948,0.0223,-0.0935,0.7052,0.1897,0.2801,0.0
202005,Texas,TX,299900.0,0.0205,-0.0003,86730,-0.0243,-0.1284,64,0.1034,0.2427,40252,0.3072,-0.0967,3756,0.4615,-0.1397,0.0216,0.0053,-0.0015,23636.0,0.2236,-0.3055,0.1396,0.0159,-0.0406,44703.0,0.2118,-0.002,137.0,0.0183,0.0369,2214.0,0.0136,-0.034,429372.0,0.0458,0.0127,131032,0.0462,-0.0895,0.5154,0.1004,0.0653,0.0
202005,Colorado,CO,499900.0,0.0009,0.0491,18163,0.1097,-0.1237,52,0.1304,0.3506,12748,0.8052,-0.1142,484,0.0852,-0.2861,0.0118,-0.0015,-0.0019,5784.0,1.3531,-0.1749,0.1385,0.0612,-0.0072,10048.0,0.1688,-0.2858,214.0,-0.0006,0.0651,2390.0,0.0214,0.0038,887390.0,-0.0417,0.0112,28113,0.1358,-0.1898,0.5532,0.0279,-0.1256,0.0
202004,Colorado,CO,499450.0,-0.0195,0.0515,16367,0.0656,-0.1337,46,0.0222,0.0455,7062,-0.3877,-0.4834,446,-0.3647,-0.4561,0.0133,-0.0055,-0.0049,2458.0,-0.2579,-0.5453,0.0772,-0.0126,-0.0418,8597.0,-0.1547,-0.3482,214.0,-0.0088,0.073,2340.0,-0.0053,-0.0099,925986.0,-0.0843,0.0254,24752,-0.0323,-0.226,0.5253,-0.1369,-0.1729,0.0
202004,Texas,TX,293889.0,0.0152,-0.0177,88888,0.0007,-0.0794,58,0.0943,0.1154,30792,-0.2573,-0.3035,2570,-0.362,-0.4322,0.0163,-0.007,-0.0085,19316.0,-0.2159,-0.3519,0.1238,-0.0186,-0.0394,36890.0,-0.1185,-0.146,134.0,0.0129,0.0256,2184.0,0.0001,-0.0395,410567.0,0.0074,-0.0187,125246,-0.0391,-0.1012,0.415,-0.0562,-0.0323,0.0
202003,Texas,TX,289495.0,0.0079,-0.0091,88824,0.0415,-0.0528,53,-0.1846,-0.1017,41458,0.1219,0.0459,4028,-0.0778,-0.18,0.0233,-0.0039,-0.0052,24636.0,0.0773,-0.2137,0.1424,-0.0035,-0.0398,41851.0,0.1227,0.0727,133.0,0.0028,0.0256,2184.0,0.0041,-0.0273,407562.0,0.0004,0.0013,130341,0.0652,-0.015,0.4712,0.0341,0.0551,0.0
202003,Colorado,CO,509391.0,0.019,0.079,15360,0.0732,-0.1448,45,-0.375,-0.1346,11534,0.4107,0.0214,702,0.1323,-0.2023,0.0189,-0.0007,-0.0027,3312.0,0.0866,-0.3621,0.0898,-0.0061,-0.0375,10170.0,0.0847,-0.1273,216.0,0.011,0.08,2353.0,0.0047,0.0058,1011272.0,-0.0246,0.0855,25578,0.084,-0.1332,0.6621,0.007,0.0133,0.0
202002,Colorado,CO,499900.0,0.0372,0.081,14312,-0.058,-0.1751,72,-0.122,0.1077,8176,0.0643,-0.1241,620,-0.052,-0.3319,0.0196,-0.0019,-0.0058,3048.0,-0.0256,-0.3626,0.0959,-0.0069,-0.0369,9376.0,0.2718,-0.0502,213.0,0.0121,0.0781,2342.0,0.034,0.0084,1036765.0,0.0466,0.0989,23595,0.0375,-0.1316,0.6551,0.1698,0.0861,0.0
202002,Texas,TX,287220.0,0.0115,0.0078,85285,-0.0084,-0.0705,65,-0.1275,-0.0299,36952,0.084,0.027,4368,-0.0651,-0.1902,0.0272,-0.004,-0.006,22868.0,-0.0088,-0.2742,0.1459,-0.0074,-0.0501,37276.0,0.3062,0.1165,132.0,0.0109,0.0363,2175.0,0.0023,-0.0205,407413.0,0.0209,0.026,122363,0.0702,-0.0201,0.4371,0.1053,0.0732,0.0
202001,Texas,TX,283950.0,-0.0037,0.0082,86006,-0.061,-0.0547,75,0.0493,-0.0261,34090,0.3529,0.0029,4672,0.1894,-0.0189,0.0312,0.0051,-0.0002,23070.0,0.2013,-0.2071,0.1533,0.0234,-0.0397,28537.0,-0.0807,0.1091,131.0,0.0005,0.0357,2170.0,-0.0083,-0.0192,399090.0,-0.0032,0.0238,114340,-0.065,-0.0179,0.3318,-0.0071,0.049,0.0
202001,Colorado,CO,481950.0,0.0185,0.071,15193,-0.1919,-0.129,82,0.0719,0.0446,7682,0.2178,-0.1092,654,0.0348,-0.1162,0.0214,0.0029,-0.0003,3128.0,0.0861,-0.3445,0.1028,0.0184,-0.0372,7373.0,-0.1375,-0.0462,211.0,0.0044,0.0852,2265.0,0.0047,-0.0254,990645.0,0.0569,0.0633,22742,-0.1541,-0.0962,0.4853,0.0306,0.0421,0.0
201912,Colorado,CO,473212.0,0.0069,0.0518,18800,-0.1043,-0.0174,77,0.1769,0.0625,6308,-0.111,0.0692,632,0.2742,-0.0307,0.0185,0.0059,-0.0005,2880.0,-0.5334,-0.3543,0.0844,-0.0677,-0.048,8548.0,-0.2001,-0.0186,210.0,0.0205,0.0988,2254.0,-0.0255,-0.0465,937286.0,0.0524,0.054,26883,-0.1488,-0.0319,0.4547,-0.0545,-0.0006,0.0
201912,Texas,TX,285000.0,-0.0169,0.0004,91591,-0.0675,-0.0493,71,0.0923,-0.0139,25198,-0.1605,0.0298,3928,0.2955,-0.2889,0.0261,0.0073,-0.0091,19204.0,-0.3332,-0.2902,0.1299,-0.0473,-0.0504,31043.0,-0.0989,0.0407,131.0,-0.002,0.0366,2188.0,-0.0134,-0.0205,400355.0,-0.0163,0.0176,122290,-0.0783,-0.0285,0.3389,-0.0118,0.0293,0.0
201911,Texas,TX,289900.0,-0.0025,0.0172,98218,-0.0404,-0.0315,65,0.0569,-0.0076,30016,-0.1276,-0.0209,3032,-0.1915,-0.3521,0.0188,-0.003,-0.0097,28800.0,-0.1839,-0.2292,0.1772,-0.0255,-0.0501,34451.0,-0.0417,0.0632,131.0,0.0004,0.038,2218.0,-0.006,-0.0138,406989.0,-0.0052,0.0202,132676,-0.038,-0.0062,0.3508,-0.0005,0.0312,0.0
201911,Colorado,CO,469950.0,0.0053,0.0467,20988,-0.11,-0.0377,65,0.1304,0.0924,7096,-0.2488,-0.1114,496,0.0973,-0.3168,0.0126,0.0027,-0.0061,6172.0,-0.3081,-0.1803,0.1521,-0.0448,-0.038,10686.0,-0.1361,0.0839,206.0,0.0095,0.0895,2313.0,-0.0043,-0.0294,890656.0,0.0232,0.0478,31581,-0.1188,-0.0012,0.5091,-0.0154,0.0571,0.0
201910,Colorado,CO,467455.0,-0.0016,0.039,23581,-0.0234,0.0244,58,0.0952,0.0748,9446,-0.0861,0.0378,452,-0.0583,-0.4461,0.0099,-0.0003,-0.0091,8920.0,-0.0614,-0.0579,0.1969,-0.0051,-0.0244,12369.0,-0.0256,0.1563,204.0,0.0031,0.0829,2323.0,-0.0062,-0.0231,870489.0,-0.0009,0.0284,35841,-0.0241,0.064,0.5245,-0.0012,0.0598,0.0
201910,Texas,TX,290615.0,-0.0077,0.0065,102353,-0.0177,-0.0094,62,0.0513,-0.0465,34406,-0.0579,0.0911,3750,0.0575,-0.2018,0.0218,0.0019,-0.0064,35290.0,-0.0477,-0.1737,0.2027,-0.0047,-0.0511,35949.0,-0.0634,0.0695,131.0,0.0002,0.0381,2232.0,-0.0053,-0.0133,409103.0,-0.0032,0.0207,137920,-0.03,0.0098,0.3512,-0.0171,0.0259,0.0
201909,Colorado,CO,468182.0,-0.0087,0.0404,24147,-0.0217,0.0335,53,0.0938,0.05,10336,-0.0768,-0.013,480,-0.1724,-0.5219,0.0102,-0.0017,-0.0126,9504.0,-0.0338,-0.0226,0.2019,0.0007,-0.0112,12694.0,-0.0313,0.1128,203.0,0.0038,0.0771,2338.0,-0.009,-0.026,871285.0,-0.0021,0.0128,36726,-0.0252,0.0674,0.5257,-0.0052,0.0374,0.0
201909,Texas,TX,292864.0,-0.0124,0.01,104198,-0.0162,0.0063,59,0.0446,-0.025,36522,-0.057,0.1093,3546,0.1468,-0.3903,0.0198,0.0032,-0.0144,37058.0,-0.0668,-0.1802,0.2074,-0.0066,-0.0547,38382.0,-0.0725,0.0609,131.0,-0.0011,0.0382,2243.0,-0.0076,-0.0169,410419.0,-0.006,0.0211,142182,-0.032,0.0193,0.3684,-0.0224,0.019,0.0
201908,Colorado,CO,472273.0,-0.014,0.0431,24682,-0.0099,0.0779,48,0.1034,0.0323,11196,-0.0949,-0.0172,580,-0.0705,-0.462,0.0119,-0.0003,-0.0114,9836.0,-0.0493,0.0536,0.2013,-0.0029,-0.0007,13103.0,-0.0245,0.0766,202.0,0.0009,0.0651,2359.0,-0.0099,-0.0188,873094.0,-0.004,-0.0055,37674,-0.0148,0.0772,0.5309,-0.008,-0.0006,0.0
201908,Texas,TX,296545.0,-0.0095,0.0088,105914,-0.0073,0.0132,56,0.0467,0.0182,38728,-0.0824,0.0372,3092,-0.1022,-0.4941,0.0167,-0.001,-0.0172,39712.0,-0.0401,-0.1461,0.214,0.0,-0.0453,41382.0,-0.0512,0.0658,131.0,-0.0018,0.0395,2261.0,-0.0096,-0.0186,412886.0,-0.0109,0.022,146881,-0.0204,0.0267,0.3907,-0.0181,0.0193,0.0
201907,Colorado,CO,479000.0,-0.0019,0.0318,24928,0.0763,0.1287,44,0.1154,0.0296,12370,-0.1483,0.0146,624,0.0263,-0.4222,0.0122,0.0003,-0.0111,10346.0,0.1251,0.1986,0.2041,0.0275,0.0239,13433.0,-0.0238,0.0433,202.0,0.0035,0.0631,2383.0,-0.0023,-0.0252,876593.0,0.0057,-0.0247,38239,0.0317,0.0974,0.5389,-0.0553,-0.0441,0.0
201907,Texas,TX,299385.0,-0.002,0.003,106695,0.0263,0.0352,54,0.0094,0.0288,42204,-0.071,0.021,3444,0.1196,-0.4256,0.0177,0.0018,-0.0149,41370.0,0.0806,-0.0808,0.214,0.0158,-0.0262,43617.0,-0.013,0.0529,131.0,-0.0036,0.0377,2283.0,-0.0054,-0.0203,417442.0,-0.013,0.0143,149943,0.0147,0.0397,0.4088,-0.0163,0.0069,0.0
201906,Colorado,CO,479900.0,0.0071,0.0114,23161,0.1175,0.1364,39,0.013,0.0263,14524,0.0092,0.08,608,-0.1032,-0.3693,0.0118,-0.002,-0.0095,9196.0,0.3118,0.2723,0.1767,0.031,0.0254,13760.0,-0.0219,0.0187,201.0,0.0041,0.0592,2388.0,0.0029,-0.034,871588.0,-0.0068,-0.0241,37064,0.0681,0.0932,0.5941,-0.0847,-0.0686,0.0
201906,Texas,TX,299990.0,0.0,0.0003,103956,0.0447,0.0575,53,0.0291,0.06,45428,0.0194,0.0393,3076,-0.2955,-0.444,0.0159,-0.0073,-0.0138,38284.0,0.1249,-0.0664,0.1982,0.0179,-0.0244,44191.0,-0.0134,0.0027,132.0,-0.0009,0.0374,2295.0,0.0013,-0.0222,422948.0,-0.0024,0.0091,147764,0.0267,0.0402,0.4251,-0.025,-0.0233,0.0
201905,Texas,TX,299993.0,0.0027,0.0003,99504,0.0305,0.0718,52,-0.0096,0.0842,44562,0.008,0.0109,4366,-0.0354,-0.2396,0.0232,-0.0016,-0.0084,34034.0,0.142,-0.0526,0.1802,0.017,-0.0186,44791.0,0.0369,-0.0131,132.0,0.0072,0.0388,2292.0,0.0079,-0.0216,423981.0,0.0133,0.0079,143916,0.0327,0.0436,0.4501,0.0028,-0.0388,0.0
201905,Colorado,CO,476500.0,0.0032,0.0034,20727,0.097,0.158,39,-0.125,-0.0253,14392,0.0528,0.075,678,-0.1732,-0.334,0.0138,-0.0045,-0.0088,7010.0,0.2967,0.2704,0.1457,0.0267,0.0234,14069.0,0.0666,0.0138,201.0,0.0068,0.0645,2381.0,0.0074,-0.0388,877562.0,-0.0282,-0.0216,34700,0.085,0.0946,0.6788,-0.0194,-0.0966,0.0
201904,Colorado,CO,475000.0,0.0061,-0.0065,18894,0.052,0.1479,44,-0.1538,0.0233,13670,0.2106,0.075,820,-0.0682,-0.1009,0.0182,-0.0033,-0.0033,5406.0,0.0412,0.2678,0.119,-0.0082,0.0177,13191.0,0.1319,0.0285,199.0,-0.0023,0.0588,2364.0,0.0105,-0.0508,903007.0,-0.0307,-0.0479,31981,0.0838,0.095,0.6982,0.0493,-0.0811,0.0
201904,Texas,TX,299196.0,0.0241,0.0025,96559,0.0297,0.0925,52,-0.1186,0.04,44210,0.1153,0.0166,4526,-0.0786,-0.2578,0.0248,-0.0038,-0.01,29802.0,-0.0488,-0.1256,0.1632,-0.019,-0.0303,43195.0,0.1072,0.004,131.0,0.013,0.0379,2274.0,0.0128,-0.0209,418409.0,0.028,0.0045,139355,0.0532,0.0631,0.4473,0.0313,-0.0395,0.0
201903,Colorado,CO,472114.0,0.0209,-0.0057,17960,0.0352,0.1791,52,-0.2,0.0612,11292,0.2098,-0.0299,880,-0.0517,0.2791,0.0216,-0.0038,0.0001,5192.0,0.0857,0.5966,0.1273,-0.0055,0.0303,11653.0,0.1804,1.2813,200.0,0.0092,0.0613,2339.0,0.0073,-0.0519,931579.0,-0.0126,-0.0262,29507,0.086,0.4448,0.6488,0.0798,0.3135,0.0
201903,Texas,TX,292143.0,0.0251,0.0077,93772,0.022,0.1105,59,-0.1194,0.1132,39640,0.1017,0.0297,4912,-0.0894,-0.266,0.0286,-0.0046,-0.0129,31332.0,-0.0055,0.0851,0.1822,-0.0138,0.0001,39014.0,0.1686,0.0308,129.0,0.0132,0.0397,2245.0,0.0112,-0.0221,407031.0,0.0251,0.0074,132320,0.0596,0.0847,0.4161,0.0522,-0.0322,0.0
201902,Colorado,CO,462447.0,0.0277,-0.0001,17349,-0.0054,0.1951,65,-0.172,-0.0647,9334,0.0823,0.0157,928,0.2541,0.3647,0.0254,0.0037,0.0012,4782.0,0.0021,0.7857,0.1328,-0.0073,0.0382,9872.0,0.2771,1.1918,198.0,0.0189,0.0616,2322.0,-0.0006,-0.0528,943449.0,0.0126,-0.0269,27170,0.0798,0.431,0.569,0.1259,0.2588,0.0
201902,Texas,TX,285000.0,0.0119,0.0135,91750,0.0084,0.1169,67,-0.1242,-0.0219,35982,0.0586,0.0599,5394,0.1327,-0.0596,0.0332,0.0018,-0.0057,31506.0,0.0829,0.2523,0.196,0.003,0.0279,33385.0,0.2975,-0.0034,128.0,0.0103,0.0428,2221.0,0.0036,-0.0175,397080.0,0.0187,0.0069,124872,0.0725,0.0812,0.3639,0.0811,-0.0439,0.0
201901,Colorado,CO,450000.0,0.0002,0.0,17443,-0.0883,0.1963,79,0.0903,-0.0599,8624,0.4617,0.0436,740,0.135,-0.0842,0.0217,0.0027,-0.01,4772.0,0.07,0.7518,0.1401,0.0076,0.0381,7730.0,-0.1125,0.9977,194.0,0.017,0.0628,2324.0,-0.0171,-0.0497,931688.0,0.0478,-0.0162,25162,-0.0939,0.3629,0.4432,-0.0121,0.1778,0.0
201901,Texas,TX,281650.0,-0.0114,0.0099,90985,-0.0556,0.1088,77,0.0625,-0.0192,33990,0.3892,0.0738,4762,-0.1379,-0.0054,0.0314,-0.0038,-0.0023,29094.0,0.0753,0.2197,0.1931,0.0128,0.0191,25730.0,-0.1374,-0.0525,126.0,0.0014,0.0435,2213.0,-0.0096,-0.0167,389797.0,-0.0092,0.0088,116428,-0.0751,0.0668,0.2828,-0.0268,-0.0481,0.0
201812,Colorado,CO,449900.0,0.002,0.002,19132,-0.1228,0.2031,72,0.2101,-0.1111,5900,-0.2612,-0.0061,652,-0.1019,-0.0843,0.019,0.0003,-0.0108,4460.0,-0.4077,0.4613,0.1325,-0.0577,0.0157,8710.0,-0.1165,1.0014,191.0,0.0118,0.0568,2364.0,-0.008,-0.0406,889223.0,0.0462,-0.0256,27770,-0.1218,0.3741,0.4553,0.0032,0.1816,0.0
201812,Texas,TX,284900.0,-0.0004,0.0211,96344,-0.05,0.0929,72,0.0992,0.0,24468,-0.2019,0.0181,5524,0.1803,0.0615,0.0352,0.0067,-0.0001,27056.0,-0.2759,0.0882,0.1803,-0.0471,0.0067,29829.0,-0.0795,-0.0477,126.0,-0.0007,0.0469,2234.0,-0.0067,-0.0133,393418.0,-0.0138,0.0114,125877,-0.0571,0.0561,0.3096,-0.0099,-0.0457,0.0
201811,Colorado,CO,449000.0,-0.002,0.0091,21810,-0.0525,0.171,60,0.1121,-0.1439,7986,-0.1226,0.0165,726,-0.1103,-0.0993,0.0187,-0.0003,-0.0069,7530.0,-0.2047,0.5133,0.1901,-0.0311,0.0319,9859.0,-0.0784,0.9662,189.0,0.0034,0.0576,2383.0,0.0021,-0.039,849989.0,0.0042,-0.0172,31620,-0.0613,0.3409,0.452,-0.0127,0.1828,0.0
201811,Texas,TX,285000.0,-0.013,0.0182,101413,-0.0185,0.0674,66,0.0155,-0.0224,30658,-0.0278,0.0291,4680,-0.0038,-0.0986,0.0285,0.0003,-0.0042,37364.0,-0.1251,0.1155,0.2274,-0.0264,0.0168,32404.0,-0.0359,-0.0561,126.0,0.0005,0.0478,2249.0,-0.0055,-0.0136,398943.0,-0.0047,0.0173,133505,-0.0225,0.0343,0.3195,-0.0058,-0.0418,0.0
201810,Colorado,CO,449900.0,-0.0002,0.0096,23019,-0.0147,0.1009,54,0.07,-0.144,9102,-0.1308,-0.0303,816,-0.1873,-0.0073,0.0191,-0.0038,-0.0047,9468.0,-0.0263,0.4504,0.2212,0.008,0.0383,10698.0,-0.0622,0.9055,188.0,-0.0022,0.0566,2378.0,-0.0092,-0.0465,846463.0,-0.0161,0.0014,33684,-0.0211,0.2727,0.4647,-0.0235,0.1962,0.0
201810,Texas,TX,288750.0,-0.0041,0.0315,103322,-0.0022,0.0524,65,0.075,-0.0444,31534,-0.0422,-0.0351,4698,-0.1922,-0.2206,0.0282,-0.0061,-0.0081,42708.0,-0.0552,0.1494,0.2538,-0.0083,0.0285,33612.0,-0.0709,-0.0562,126.0,0.0003,0.0484,2262.0,-0.009,-0.012,400820.0,-0.0027,0.0198,136578,-0.0209,0.0254,0.3253,-0.0241,-0.0374,0.0
201809,Colorado,CO,450000.0,-0.0061,0.0112,23363,0.0203,0.0444,50,0.0753,-0.1228,10472,-0.0808,-0.0011,1004,-0.0686,0.0819,0.0228,-0.0004,-0.0009,9724.0,0.0416,0.2204,0.2132,0.0112,0.0096,11407.0,-0.0627,0.8867,188.0,-0.0073,0.062,2400.0,-0.0017,-0.04,860278.0,-0.0201,0.0312,34408,-0.0162,0.2163,0.4883,-0.0433,0.218,0.0
201809,Texas,TX,289950.0,-0.0136,0.0356,103546,-0.0095,0.0279,60,0.0909,-0.0625,32924,-0.1182,0.0211,5816,-0.0484,-0.098,0.0343,0.0004,-0.0041,45204.0,-0.028,0.1637,0.2621,0.0028,0.0324,36177.0,-0.0683,-0.0066,126.0,0.0001,0.0513,2282.0,-0.0093,-0.007,401919.0,-0.0051,0.0228,139495,-0.025,0.0196,0.3494,-0.0221,-0.0122,0.0
201808,Colorado,CO,452750.0,-0.0248,0.0184,22898,0.0368,0.0001,47,0.1006,-0.0606,11392,-0.0656,-0.0469,1078,-0.0019,-0.0426,0.0232,0.0,-0.0045,9336.0,0.0816,0.0942,0.202,0.0218,-0.0077,12171.0,-0.0547,0.8976,190.0,-0.001,0.0744,2404.0,-0.0164,-0.0426,877913.0,-0.0232,0.0534,34974,0.0037,0.1973,0.5315,-0.0514,0.2514,0.0
201808,Texas,TX,293950.0,-0.0152,0.0424,104534,0.0142,-0.0053,55,0.0577,-0.0265,37338,-0.0967,-0.0163,6112,0.0193,-0.0515,0.0339,0.0013,-0.0023,46506.0,0.0333,0.0231,0.2592,0.0191,0.0109,38828.0,-0.0627,-0.0247,126.0,-0.0035,0.0512,2304.0,-0.0113,-0.0041,403997.0,-0.0184,0.0288,143067,-0.0079,-0.0094,0.3714,-0.0305,-0.0074,0.0
201807,Colorado,CO,464250.0,-0.0216,0.0319,22086,0.0837,-0.0221,42,0.1118,-0.0174,12192,-0.0934,-0.0863,1080,0.1203,-0.1483,0.0232,0.0019,-0.0065,8632.0,0.1942,0.0047,0.1802,0.0289,-0.0212,12875.0,-0.0468,0.965,190.0,-0.0002,0.0743,2444.0,-0.0113,-0.0332,898780.0,0.0063,0.0808,34844,0.0277,0.1963,0.5829,-0.0798,0.2928,0.0
201807,Texas,TX,298500.0,-0.0047,0.0474,103071,0.0485,-0.0063,52,0.04,-0.0189,41334,-0.0544,-0.0067,5996,0.0839,-0.1244,0.0326,0.003,-0.0049,45008.0,0.0975,-0.0282,0.2401,0.0175,-0.0066,41425.0,-0.0601,-0.007,127.0,-0.0038,0.0485,2330.0,-0.0073,0.0012,411558.0,-0.0181,0.0282,144213,0.0152,-0.0058,0.4019,-0.0465,-0.0003,0.0
201806,Colorado,CO,474500.0,-0.0008,0.0547,20381,0.1387,-0.0186,38,-0.038,-0.0952,13448,0.0045,-0.0878,964,-0.053,-0.288,0.0213,-0.0013,-0.0105,7228.0,0.3099,0.0705,0.1513,0.029,-0.0105,13507.0,-0.0267,1.147,190.0,0.0091,0.0762,2472.0,-0.002,-0.0272,893139.0,-0.0042,0.0838,33905,0.0695,0.2561,0.6627,-0.1126,0.3598,0.0
201806,Texas,TX,299900.0,0.0,0.0389,98302,0.0589,-0.0069,50,0.0526,-0.0385,43712,-0.0084,0.0317,5532,-0.0366,-0.1598,0.0296,-0.0019,-0.0061,41008.0,0.1416,-0.0023,0.2226,0.0237,-0.0047,44074.0,-0.0289,0.0312,127.0,0.0004,0.0504,2347.0,0.0019,0.0043,419129.0,-0.0036,0.0332,142059,0.0302,0.0052,0.4484,-0.0405,0.0165,0.0
201805,Colorado,CO,474900.0,-0.0067,0.0556,17898,0.0875,-0.0481,40,-0.0814,-0.0706,13388,0.0528,-0.0144,1018,0.1162,-0.2482,0.0226,0.001,-0.012,5518.0,0.2941,0.0403,0.1223,0.021,-0.0142,13877.0,0.082,1.1376,188.0,0.0015,-0.0114,2477.0,-0.0052,0.041,896907.0,-0.0543,0.0776,31701,0.0854,0.2556,0.7753,-0.0039,0.4301,0.0
201805,Texas,TX,299900.0,0.0049,0.0468,92835,0.0504,-0.0132,48,-0.05,-0.0686,44082,0.0137,-0.0055,5742,-0.0584,-0.1867,0.0316,-0.0032,-0.0075,35922.0,0.0539,-0.0061,0.1989,0.0053,0.0016,45387.0,0.0549,0.0401,127.0,0.0063,0.052,2343.0,0.0086,0.0054,420639.0,0.0098,0.0341,137900,0.052,0.0054,0.4889,0.0021,0.0251,0.0
201804,Colorado,CO,478116.0,0.0069,0.0662,16459,0.0805,-0.0527,43,-0.1224,-0.0227,12716,0.0924,0.0481,912,0.3256,-0.2525,0.0216,0.0001,-0.0111,4264.0,0.3112,0.0554,0.1013,0.0044,-0.0188,12826.0,1.5109,1.1326,188.0,0.0,-0.0008,2490.0,0.0093,0.0591,948408.0,-0.0086,0.092,29207,0.4301,0.2578,0.7793,0.4439,0.4331,0.0
201804,Texas,TX,298437.0,0.0294,0.0508,88380,0.0466,-0.0091,50,-0.0566,-0.0385,43488,0.1297,0.0783,6098,-0.0888,-0.1167,0.0348,-0.0067,-0.0057,34084.0,0.1804,0.0349,0.1936,0.0114,0.0,43025.0,0.1368,0.0388,126.0,0.0147,0.0522,2323.0,0.0115,0.0032,416540.0,0.0309,0.0308,131082,0.0746,0.0061,0.4868,0.0386,0.0225,0.0
201803,Texas,TX,289900.0,0.0309,0.0493,84441,0.0279,-0.0196,53,-0.2263,-0.0185,38496,0.134,-0.0466,6692,0.1667,0.0407,0.0415,0.0025,0.0019,28876.0,0.1478,-0.0537,0.1821,0.014,-0.0049,37849.0,0.1299,0.0366,124.0,0.0162,0.0497,2296.0,0.0159,0.005,404040.0,0.0246,0.025,121986,0.0562,-0.0029,0.4482,0.0405,0.0243,0.0
201803,Colorado,CO,474844.0,0.0267,0.0738,15232,0.0493,-0.072,49,-0.295,0.0262,11640,0.2666,-0.0082,688,0.0118,-0.3307,0.0214,-0.0027,-0.0092,3252.0,0.2143,-0.1369,0.097,0.0023,-0.0153,5108.0,0.1341,-0.0058,188.0,0.0095,0.0778,2467.0,0.0063,0.0161,956626.0,-0.0133,0.0728,20423,0.0756,-0.0505,0.3353,0.0251,0.0223,0.0
201802,Texas,TX,281200.0,0.0082,0.0436,82146,0.001,-0.0094,69,-0.1218,0.0074,33948,0.0725,-0.0015,5736,0.198,0.0827,0.0389,0.0052,0.0034,25158.0,0.0547,-0.0607,0.1682,-0.0058,-0.0069,33498.0,0.2335,0.0323,122.0,0.011,0.0498,2260.0,0.0044,0.0038,394351.0,0.0206,0.0309,115492,0.0583,0.0031,0.4078,0.0768,0.0165,0.0
201802,Colorado,CO,462500.0,0.0278,0.0535,14517,-0.0044,-0.0849,70,-0.1677,-0.0479,9190,0.1121,-0.0052,680,-0.1584,-0.0761,0.0241,-0.0076,-0.0008,2678.0,-0.0169,-0.0708,0.0946,-0.0074,-0.0037,4504.0,0.164,0.0095,186.0,0.02,0.0733,2452.0,0.0027,0.023,969538.0,0.0238,0.0776,18987,0.0284,-0.0652,0.3103,0.0449,0.029,0.0
201801,Colorado,CO,450000.0,0.0022,0.0539,14581,-0.0831,-0.1015,84,0.0309,-0.0347,8264,0.3922,0.0859,808,0.1348,0.1222,0.0317,0.0019,0.0059,2724.0,-0.1075,0.0067,0.102,-0.0147,0.0047,3870.0,-0.1109,0.0162,183.0,0.0113,0.0655,2445.0,-0.0077,0.0224,946999.0,0.0377,0.0706,18462,-0.0865,-0.0779,0.2654,-0.0083,0.0307,0.0
201801,Texas,TX,278900.0,-0.0004,0.0525,82060,-0.0691,-0.0068,78,0.0833,-0.0127,31654,0.3172,0.0324,4788,-0.0799,-0.0366,0.0337,-0.0016,-0.0015,23854.0,-0.0406,-0.0297,0.1739,0.0003,-0.0031,27157.0,-0.133,0.0145,121.0,0.0046,0.047,2250.0,-0.0062,0.0029,386395.0,-0.0066,0.0254,109133,-0.0844,0.0002,0.3309,-0.0244,0.007,0.0
201712,Colorado,CO,449000.0,0.0091,0.0571,15902,-0.1462,-0.1074,81,0.1655,0.0125,5936,-0.2444,0.0144,712,-0.1166,-0.0729,0.0298,0.0042,0.0042,3052.0,-0.3867,0.0013,0.1167,-0.0415,0.008,4352.0,-0.132,-0.0068,181.0,0.0126,0.0802,2464.0,-0.0064,0.0078,912602.0,0.0552,0.0809,20210,-0.1429,-0.0885,0.2737,0.0045,0.0277,0.0
201712,Texas,TX,279000.0,-0.0032,0.0493,88154,-0.0722,0.0199,72,0.0746,-0.04,24032,-0.1933,0.0188,5204,0.0023,-0.0707,0.0353,0.0027,-0.0049,24864.0,-0.2577,0.0386,0.1736,-0.0369,0.0016,31324.0,-0.0876,0.0661,121.0,0.0002,0.0446,2264.0,-0.007,0.0035,388973.0,-0.0081,0.0267,119193,-0.0766,0.0311,0.3553,-0.006,0.0154,0.0
201711,Colorado,CO,444950.0,-0.0015,0.0613,18624,-0.1093,-0.0919,70,0.112,-0.0142,7856,-0.163,-0.0258,806,-0.0195,0.1481,0.0257,0.0019,0.004,4976.0,-0.2377,-0.0111,0.1583,-0.0247,0.0096,5014.0,-0.1069,-0.0522,178.0,0.0024,0.0797,2480.0,-0.0057,-0.0009,864887.0,0.0232,0.0888,23581,-0.109,-0.0848,0.2692,0.0007,0.0113,0.0
201711,Texas,TX,279900.0,-0.0002,0.0386,95013,-0.0323,0.034,67,-0.0074,0.0,29790,-0.0885,0.0744,5192,-0.1387,0.0082,0.0326,-0.0037,-0.0011,33496.0,-0.0986,0.1234,0.2105,-0.0148,0.0154,34330.0,-0.036,0.0292,121.0,0.0011,0.042,2280.0,-0.0039,0.0022,392149.0,-0.0023,0.0179,129079,-0.0309,0.0323,0.3613,-0.0014,-0.0017,0.0
201710,Texas,TX,279945.0,-0.0002,0.0368,98181,-0.0253,0.0436,68,0.0547,0.0227,32682,0.0136,0.0549,6028,-0.0651,0.1619,0.0363,-0.002,0.0037,37158.0,-0.0434,0.1163,0.2253,-0.0044,0.0142,35613.0,-0.0221,0.0214,120.0,0.003,0.0406,2289.0,-0.0039,-0.0013,393055.0,0.0003,0.0119,133192,-0.0265,0.0347,0.3627,0.0012,-0.0079,0.0
201710,Colorado,CO,445636.0,0.0014,0.0715,20909,-0.0653,-0.0926,63,0.0965,-0.0079,9386,-0.1047,-0.0391,822,-0.1142,0.0224,0.0237,0.0,0.003,6528.0,-0.1807,0.0355,0.1829,-0.0206,0.0153,5614.0,-0.0715,-0.0314,178.0,0.0028,0.0782,2494.0,-0.0024,0.0097,845277.0,0.0132,0.0795,26466,-0.0645,-0.0818,0.2685,-0.0018,0.017,0.0
201709,Texas,TX,279993.0,-0.0071,0.0193,100732,-0.0414,0.0577,64,0.1327,0.0492,32244,-0.1505,0.0211,6448,0.0006,0.1087,0.0383,0.0021,0.0023,38844.0,-0.1454,0.0379,0.2297,-0.0187,0.0004,36419.0,-0.0852,-0.0217,120.0,0.0,0.0366,2298.0,-0.0065,-0.0011,392945.0,0.0007,0.0069,136814,-0.0527,0.0345,0.3615,-0.0173,-0.0294,0.0
201709,Colorado,CO,445000.0,0.001,0.0662,22370,-0.023,-0.0848,57,0.1515,-0.0087,10484,-0.1228,-0.0336,928,-0.1758,0.1373,0.0237,-0.0041,0.0039,7968.0,-0.0661,0.0957,0.2036,-0.0062,0.0272,6046.0,-0.0573,-0.0147,177.0,0.0043,0.0692,2500.0,-0.0044,0.0138,834271.0,0.0011,0.0686,28290,-0.0315,-0.0736,0.2703,-0.0098,0.0192,0.0
201708,Colorado,CO,444575.0,-0.0118,0.061,22897,0.0138,-0.0781,50,0.1512,-0.0198,11952,-0.1043,-0.0454,1126,-0.112,0.2567,0.0278,-0.002,0.007,8532.0,-0.007,0.0405,0.2097,0.0084,0.0238,6414.0,-0.0211,-0.0158,177.0,-0.0011,0.0702,2511.0,-0.0067,0.0113,833378.0,0.0022,0.0633,29212,0.0029,-0.0673,0.2801,-0.01,0.0177,0.0
201708,Texas,TX,282000.0,-0.0105,0.0255,105086,0.0131,0.0874,57,0.066,-0.0174,37956,-0.0879,0.1012,6444,-0.059,0.0547,0.0362,-0.0013,0.0004,45454.0,-0.0186,0.1905,0.2484,0.0016,0.0251,39813.0,-0.0457,-0.025,120.0,-0.0061,0.0367,2313.0,-0.006,0.0028,392679.0,-0.019,0.0039,144421,-0.0044,0.0539,0.3789,-0.0233,-0.0437,0.0
201707,Colorado,CO,449900.0,0.0,0.0737,22584,0.0875,-0.0816,43,0.0238,-0.0444,13344,-0.0948,0.0079,1268,-0.0635,0.1697,0.0297,-0.0021,0.0049,8592.0,0.2725,0.0772,0.2014,0.0396,0.0197,6552.0,0.0415,0.0199,177.0,0.0015,0.0766,2528.0,-0.0051,0.0104,831583.0,0.0091,0.0529,29127,0.0791,-0.0598,0.2901,-0.0128,0.0289,0.0
201707,Texas,TX,285000.0,-0.0127,0.0197,103727,0.0479,0.0866,53,0.0192,-0.0702,41612,-0.0179,0.0629,6848,0.0401,-0.011,0.0375,0.0018,-0.0011,46316.0,0.1269,0.1383,0.2468,0.0195,0.0206,41717.0,-0.024,-0.0062,121.0,-0.002,0.0346,2327.0,-0.0043,0.0022,400271.0,-0.0133,-0.0122,145057,0.0264,0.0552,0.4022,-0.0296,-0.0376,0.0
201706,Texas,TX,288678.0,,,98985,,,52,,,42370,,,6584,,,0.0357,,,41102.0,,,0.2273,,,42743.0,,,121.0,,,2337.0,,,405659.0,,,141325,,,0.4318,,,
201706,Colorado,CO,449900.0,,,20767,,,42,,,14742,,,1354,,,0.0318,,,6752.0,,,0.1618,,,6291.0,,,177.0,,,2541.0,,,824080.0,,,26992,,,0.3029,,,
201705,Texas,TX,286500.0,,,94078,,,51,,,44326,,,7060,,,0.039,,,36144.0,,,0.1972,,,43637.0,,,121.0,,,2330.0,,,406769.0,,,137157,,,0.4638,,,
201705,Colorado,CO,449900.0,,,18803,,,43,,,13584,,,1354,,,0.0346,,,5304.0,,,0.1366,,,6492.0,,,191.0,,,2380.0,,,832313.0,,,25247,,,0.3453,,,
201704,Colorado,CO,448417.0,,,17375,,,44,,,12132,,,1220,,,0.0327,,,4040.0,,,0.1202,,,6014.0,,,188.0,,,2351.0,,,868501.0,,,23220,,,0.3461,,,
201704,Texas,TX,284000.0,,,89193,,,52,,,40332,,,6904,,,0.0405,,,32936.0,,,0.1936,,,41418.0,,,120.0,,,2315.0,,,404082.0,,,130289,,,0.4644,,,
201703,Colorado,CO,442225.0,,,16413,,,48,,,11736,,,1028,,,0.0306,,,3768.0,,,0.1123,,,5138.0,,,175.0,,,2428.0,,,891735.0,,,21510,,,0.313,,,
201703,Texas,TX,276283.0,,,86127,,,54,,,40378,,,6430,,,0.0396,,,30514.0,,,0.1871,,,36512.0,,,119.0,,,2285.0,,,394173.0,,,122343,,,0.4239,,,
201702,Colorado,CO,439000.0,,,15864,,,73,,,9238,,,736,,,0.025,,,2882.0,,,0.0984,,,4462.0,,,174.0,,,2397.0,,,899696.0,,,20312,,,0.2812,,,
201702,Texas,TX,269450.0,,,82926,,,68,,,34000,,,5298,,,0.0355,,,26784.0,,,0.1751,,,32451.0,,,117.0,,,2252.0,,,382538.0,,,115138,,,0.3913,,,
201701,Colorado,CO,427000.0,,,16228,,,87,,,7610,,,720,,,0.0258,,,2706.0,,,0.0973,,,3808.0,,,171.0,,,2392.0,,,884591.0,,,20022,,,0.2347,,,
201701,Texas,TX,265000.0,,,82622,,,79,,,30662,,,4970,,,0.0353,,,24584.0,,,0.177,,,26769.0,,,116.0,,,2244.0,,,376821.0,,,109108,,,0.324,,,
201612,Colorado,CO,424730.0,,,17815,,,80,,,5852,,,768,,,0.0257,,,3048.0,,,0.1088,,,4382.0,,,167.0,,,2445.0,,,844314.0,,,22172,,,0.246,,,
201612,Texas,TX,265900.0,,,86433,,,75,,,23588,,,5600,,,0.0402,,,23940.0,,,0.172,,,29381.0,,,115.0,,,2256.0,,,378845.0,,,115595,,,0.3399,,,
201611,Colorado,CO,419250.0,,,20510,,,71,,,8064,,,702,,,0.0217,,,5032.0,,,0.1487,,,5290.0,,,165.0,,,2482.0,,,794343.0,,,25767,,,0.2579,,,
201611,Texas,TX,269499.0,,,91886,,,67,,,27726,,,5150,,,0.0337,,,29816.0,,,0.1952,,,33358.0,,,116.0,,,2275.0,,,385263.0,,,125038,,,0.363,,,
201610,Texas,TX,270000.0,,,94080,,,66,,,30980,,,5188,,,0.0327,,,33288.0,,,0.2111,,,34868.0,,,116.0,,,2292.0,,,388447.0,,,128730,,,0.3706,,,
201610,Colorado,CO,415900.0,,,23041,,,63,,,9768,,,804,,,0.0207,,,6304.0,,,0.1676,,,5796.0,,,165.0,,,2470.0,,,783007.0,,,28824,,,0.2516,,,
201609,Texas,TX,274700.0,,,95235,,,61,,,31578,,,5816,,,0.036,,,37424.0,,,0.2293,,,37229.0,,,116.0,,,2301.0,,,390269.0,,,132256,,,0.3909,,,
201609,Colorado,CO,417370.0,,,24444,,,58,,,10848,,,816,,,0.0198,,,7272.0,,,0.1763,,,6137.0,,,166.0,,,2466.0,,,780699.0,,,30538,,,0.251,,,
201608,Colorado,CO,419000.0,,,24837,,,51,,,12520,,,896,,,0.0207,,,8200.0,,,0.1859,,,6517.0,,,165.0,,,2483.0,,,783794.0,,,31320,,,0.2624,,,
201608,Texas,TX,274995.0,,,96644,,,58,,,34468,,,6110,,,0.0358,,,38182.0,,,0.2233,,,40835.0,,,116.0,,,2307.0,,,391140.0,,,137033,,,0.4225,,,
201607,Colorado,CO,419000.0,,,24590,,,45,,,13240,,,1084,,,0.0248,,,7976.0,,,0.1817,,,6424.0,,,164.0,,,2502.0,,,789807.0,,,30981,,,0.2612,,,
201607,Texas,TX,279500.0,,,95456,,,57,,,39148,,,6924,,,0.0387,,,40688.0,,,0.2261,,,41979.0,,,117.0,,,2322.0,,,405204.0,,,137467,,,0.4398,,,
