LAST UPDATED,FREQUENCY,PERIOD BEGIN,PERIOD END,REGION TYPE,REGION NAME,HOME PURCHASE CANCELLATIONS,HOME PURCHASE CANCELLATIONS YOY (%),PERCENT OF PENDING SALES (%),PERCENT OF PENDING SALES YOY (PPTS)
2026-07-03,Monthly,2026-06-01,2026-06-30,Metro,"Akron, OH metro area",101,-25.34,12.31,-4.16
2026-07-03,Monthly,2026-05-01,2026-05-31,Metro,"Akron, OH metro area",114,-15.81,14.47,-1.85
2026-07-03,Monthly,2026-04-01,2026-04-30,Metro,"Akron, OH metro area",117,2.26,13.73,0.15
2026-07-03,Monthly,2026-03-01,2026-03-31,Metro,"Akron, OH metro area",111,0.31,12.85,-0.94
2026-07-03,Monthly,2026-02-01,2026-02-28,Metro,"Akron, OH metro area",103,-20.03,13.38,-2.6
2026-07-03,Monthly,2026-01-01,2026-01-31,Metro,"Akron, OH metro area",92,-26.88,11.09,-4.37
2026-07-03,Monthly,2026-06-01,2026-06-30,Metro,"Albany, NY metro area",102,-19.62,10.69,-3.2
2026-07-03,Monthly,2026-05-01,2026-05-31,Metro,"Albany, NY metro area",117,-1.58,13.11,-0.84
2026-07-03,Monthly,2026-04-01,2026-04-30,Metro,"Albany, NY metro area",118,3.77,13.8,0.55
2026-07-03,Monthly,2026-03-01,2026-03-31,Metro,"Albany, NY metro area",110,-3.27,13.08,-0.31
2026-07-03,Monthly,2026-02-01,2026-02-28,Metro,"Albany, NY metro area",110,-3.91,13.91,0.09
2026-07-03,Monthly,2026-01-01,2026-01-31,Metro,"Albany, NY metro area",98,-22.39,11.63,-3.89
2026-07-03,Monthly,2026-06-01,2026-06-30,Metro,"Albuquerque, NM metro area",185,10.04,18.49,0.37
2026-07-03,Monthly,2026-05-01,2026-05-31,Metro,"Albuquerque, NM metro area",183,18.87,19.12,3.6
2026-07-03,Monthly,2026-04-01,2026-04-30,Metro,"Albuquerque, NM metro area",181,7.08,17.01,-0.86
2026-07-03,Monthly,2026-03-01,2026-03-31,Metro,"Albuquerque, NM metro area",178,5.19,16.94,-0.2
2026-07-03,Monthly,2026-02-01,2026-02-28,Metro,"Albuquerque, NM metro area",177,4.84,17.64,1.03
2026-07-03,Monthly,2026-01-01,2026-01-31,Metro,"Albuquerque, NM metro area",177,4.84,18.38,2.06
2026-07-03,Monthly,2026-06-01,2026-06-30,Metro,"Allentown, PA metro area",81,7.08,9.84,0.8
2026-07-03,Monthly,2026-05-01,2026-05-31,Metro,"Allentown, PA metro area",82,8.86,10.78,1.04
2026-07-03,Monthly,2026-04-01,2026-04-30,Metro,"Allentown, PA metro area",78,10.3,7.58,-0.63
2026-07-03,Monthly,2026-03-01,2026-03-31,Metro,"Allentown, PA metro area",77,11.67,9.31,1.7
2026-07-03,Monthly,2026-02-01,2026-02-28,Metro,"Allentown, PA metro area",75,7.94,10.92,2.12
2026-07-03,Monthly,2026-01-01,2026-01-31,Metro,"Allentown, PA metro area",74,8.65,9.15,1.32
2026-07-03,Monthly,2026-06-01,2026-06-30,Metro,"Anaheim, CA metro area",290,11.67,14.37,0.91
2026-07-03,Monthly,2026-05-01,2026-05-31,Metro,"Anaheim, CA metro area",278,5.35,14.34,0.6
2026-07-03,Monthly,2026-04-01,2026-04-30,Metro,"Anaheim, CA metro area",267,-6.51,13.48,-2.15
2026-07-03,Monthly,2026-03-01,2026-03-31,Metro,"Anaheim, CA metro area",270,-1.79,13.87,-0.08
2026-07-03,Monthly,2026-02-01,2026-02-28,Metro,"Anaheim, CA metro area",259,-11.91,13.09,-0.51
2026-07-03,Monthly,2026-01-01,2026-01-31,Metro,"Anaheim, CA metro area",285,13.77,13.37,1.52
2026-07-03,Monthly,2026-06-01,2026-06-30,Metro,"Atlanta, GA metro area",1301,3.71,18.19,0.56
2026-07-03,Monthly,2026-05-01,2026-05-31,Metro,"Atlanta, GA metro area",1446,7.14,18.95,1.55
2026-07-03,Monthly,2026-04-01,2026-04-30,Metro,"Atlanta, GA metro area",1458,5.73,18.66,0.2
2026-07-03,Monthly,2026-03-01,2026-03-31,Metro,"Atlanta, GA metro area",1447,10.73,18.33,1.33
2026-07-03,Monthly,2026-02-01,2026-02-28,Metro,"Atlanta, GA metro area",1404,6.79,18.39,0.53
2026-07-03,Monthly,2026-01-01,2026-01-31,Metro,"Atlanta, GA metro area",1389,7.8,17.87,-0.26
2026-07-03,Monthly,2026-06-01,2026-06-30,Metro,"Austin, TX metro area",406,3.31,12.94,-1.36
2026-07-03,Monthly,2026-05-01,2026-05-31,Metro,"Austin, TX metro area",424,7.63,13.97,0.17
2026-07-03,Monthly,2026-04-01,2026-04-30,Metro,"Austin, TX metro area",450,11.02,13.63,0.05
2026-07-03,Monthly,2026-03-01,2026-03-31,Metro,"Austin, TX metro area",443,9.19,13.68,-0.13
2026-07-03,Monthly,2026-02-01,2026-02-28,Metro,"Austin, TX metro area",433,9.08,13.79,0.23
2026-07-03,Monthly,2026-01-01,2026-01-31,Metro,"Austin, TX metro area",404,3.34,14.01,-0.21
2026-07-03,Monthly,2026-06-01,2026-06-30,Metro,"Bakersfield, CA metro area",131,6.54,16.58,-0.74
2026-07-03,Monthly,2026-05-01,2026-05-31,Metro,"Bakersfield, CA metro area",158,28.48,21.91,5.3
2026-07-03,Monthly,2026-04-01,2026-04-30,Metro,"Bakersfield, CA metro area",150,12.88,18.78,1.21
2026-07-03,Monthly,2026-03-01,2026-03-31,Metro,"Bakersfield, CA metro area",135,-4.85,17.74,-0.92
2026-07-03,Monthly,2026-02-01,2026-02-28,Metro,"Bakersfield, CA metro area",127,-10.14,18.3,-0.14
2026-07-03,Monthly,2026-01-01,2026-01-31,Metro,"Bakersfield, CA metro area",122,-8.54,16.19,-1.75
2026-07-03,Monthly,2026-06-01,2026-06-30,Metro,"Baltimore, MD metro area",418,2.25,13.22,0.05
2026-07-03,Monthly,2026-05-01,2026-05-31,Metro,"Baltimore, MD metro area",414,2.83,13.12,0.05
2026-07-03,Monthly,2026-04-01,2026-04-30,Metro,"Baltimore, MD metro area",410,1.88,12.86,0.28
2026-07-03,Monthly,2026-03-01,2026-03-31,Metro,"Baltimore, MD metro area",389,-2.14,12.28,-0.14
2026-07-03,Monthly,2026-02-01,2026-02-28,Metro,"Baltimore, MD metro area",409,19.51,13.34,2.01
2026-07-03,Monthly,2026-01-01,2026-01-31,Metro,"Baltimore, MD metro area",370,4.6,12.25,0.27
2026-07-03,Monthly,2026-06-01,2026-06-30,Metro,"Baton Rouge, LA metro area",193,13.19,20.16,0.68
2026-07-03,Monthly,2026-05-01,2026-05-31,Metro,"Baton Rouge, LA metro area",188,0.87,20.07,0.45
2026-07-03,Monthly,2026-04-01,2026-04-30,Metro,"Baton Rouge, LA metro area",191,-9.61,19.78,0.21
2026-07-03,Monthly,2026-03-01,2026-03-31,Metro,"Baton Rouge, LA metro area",187,12.3,19.72,0.56
2026-07-03,Monthly,2026-02-01,2026-02-28,Metro,"Baton Rouge, LA metro area",184,25.41,19.99,1.02
2026-07-03,Monthly,2026-01-01,2026-01-31,Metro,"Baton Rouge, LA metro area",168,3.85,16.96,-2.32
2026-07-03,Monthly,2026-06-01,2026-06-30,Metro,"Birmingham, AL metro area",245,-8.04,17,-1.02
2026-07-03,Monthly,2026-05-01,2026-05-31,Metro,"Birmingham, AL metro area",305,13.28,20.36,2.28
2026-07-03,Monthly,2026-04-01,2026-04-30,Metro,"Birmingham, AL metro area",239,-10.5,16.25,-1.88
2026-07-03,Monthly,2026-03-01,2026-03-31,Metro,"Birmingham, AL metro area",237,-9.3,16.37,-2.06
2026-07-03,Monthly,2026-02-01,2026-02-28,Metro,"Birmingham, AL metro area",246,0.43,17.13,-0.37
2026-07-03,Monthly,2026-01-01,2026-01-31,Metro,"Birmingham, AL metro area",257,2.52,17.22,-0.71
2026-07-03,Monthly,2026-06-01,2026-06-30,Metro,"Boise City, ID metro area",NA,NA,10.94,-0.09
2026-07-03,Monthly,2026-05-01,2026-05-31,Metro,"Boise City, ID metro area",NA,NA,10.88,-2.26
2026-07-03,Monthly,2026-04-01,2026-04-30,Metro,"Boise City, ID metro area",NA,NA,10.88,-0.84
2026-07-03,Monthly,2026-03-01,2026-03-31,Metro,"Boise City, ID metro area",NA,NA,10.91,0.54
2026-07-03,Monthly,2026-02-01,2026-02-28,Metro,"Boise City, ID metro area",NA,NA,10.96,-0.76
2026-07-03,Monthly,2026-01-01,2026-01-31,Metro,"Boise City, ID metro area",NA,NA,10.94,-0.78
2026-07-03,Monthly,2026-06-01,2026-06-30,Metro,"Boston, MA metro area",402,12.72,10.64,0.27
2026-07-03,Monthly,2026-05-01,2026-05-31,Metro,"Boston, MA metro area",428,21.48,11.78,1.76
2026-07-03,Monthly,2026-04-01,2026-04-30,Metro,"Boston, MA metro area",397,18.37,10.92,1.45
2026-07-03,Monthly,2026-03-01,2026-03-31,Metro,"Boston, MA metro area",382,20.25,11.34,2.26
2026-07-03,Monthly,2026-02-01,2026-02-28,Metro,"Boston, MA metro area",373,22.84,11.6,2.46
2026-07-03,Monthly,2026-01-01,2026-01-31,Metro,"Boston, MA metro area",320,-9.72,9.16,-0.62
2026-07-03,Monthly,2026-06-01,2026-06-30,Metro,"Bridgeport, CT metro area",NA,NA,NA,NA
2026-07-03,Monthly,2026-05-01,2026-05-31,Metro,"Bridgeport, CT metro area",NA,NA,NA,NA
2026-07-03,Monthly,2026-04-01,2026-04-30,Metro,"Bridgeport, CT metro area",NA,NA,NA,NA
2026-07-03,Monthly,2026-03-01,2026-03-31,Metro,"Bridgeport, CT metro area",NA,NA,NA,NA
2026-07-03,Monthly,2026-02-01,2026-02-28,Metro,"Bridgeport, CT metro area",NA,NA,NA,NA
2026-07-03,Monthly,2026-01-01,2026-01-31,Metro,"Bridgeport, CT metro area",NA,NA,NA,NA
2026-07-03,Monthly,2026-06-01,2026-06-30,Metro,"Buffalo, NY metro area",81,26.72,7.66,1.05
2026-07-03,Monthly,2026-05-01,2026-05-31,Metro,"Buffalo, NY metro area",80,19.02,7.43,0.65
2026-07-03,Monthly,2026-04-01,2026-04-30,Metro,"Buffalo, NY metro area",66,-16.17,6.23,-1.54
2026-07-03,Monthly,2026-03-01,2026-03-31,Metro,"Buffalo, NY metro area",69,-7.02,6.96,-0.58
2026-07-03,Monthly,2026-02-01,2026-02-28,Metro,"Buffalo, NY metro area",84,36.34,9.57,3.81
2026-07-03,Monthly,2026-01-01,2026-01-31,Metro,"Buffalo, NY metro area",67,-10.18,6.91,-0.38
2026-07-03,Monthly,2026-06-01,2026-06-30,Metro,"Camden, NJ metro area",178,1.86,11.91,-1.08
2026-07-03,Monthly,2026-05-01,2026-05-31,Metro,"Camden, NJ metro area",179,3.89,12.27,-0.22
2026-07-03,Monthly,2026-04-01,2026-04-30,Metro,"Camden, NJ metro area",166,0.2,11.02,-0.51
2026-07-03,Monthly,2026-03-01,2026-03-31,Metro,"Camden, NJ metro area",160,-4.79,11.42,-0.31
2026-07-03,Monthly,2026-02-01,2026-02-28,Metro,"Camden, NJ metro area",157,-4.15,11.54,-0.3
2026-07-03,Monthly,2026-01-01,2026-01-31,Metro,"Camden, NJ metro area",171,13.85,13.33,1.66
2026-07-03,Monthly,2026-06-01,2026-06-30,Metro,"Cape Coral, FL metro area",276,1.02,14.03,-0.47
2026-07-03,Monthly,2026-05-01,2026-05-31,Metro,"Cape Coral, FL metro area",286,7.24,14.57,0.04
2026-07-03,Monthly,2026-04-01,2026-04-30,Metro,"Cape Coral, FL metro area",275,-3.19,13.57,-2.74
2026-07-03,Monthly,2026-03-01,2026-03-31,Metro,"Cape Coral, FL metro area",283,6.84,14.42,-0.91
2026-07-03,Monthly,2026-02-01,2026-02-28,Metro,"Cape Coral, FL metro area",292,2.22,15.08,-0.55
2026-07-03,Monthly,2026-01-01,2026-01-31,Metro,"Cape Coral, FL metro area",308,21.5,15.28,-0.42
2026-07-03,Monthly,2026-06-01,2026-06-30,Metro,"Charleston, SC metro area",186,-11.43,11.97,-2.11
2026-07-03,Monthly,2026-05-01,2026-05-31,Metro,"Charleston, SC metro area",215,28.07,13.76,1.8
2026-07-03,Monthly,2026-04-01,2026-04-30,Metro,"Charleston, SC metro area",225,21.59,13.51,0.59
2026-07-03,Monthly,2026-03-01,2026-03-31,Metro,"Charleston, SC metro area",211,13.34,12.7,0.68
2026-07-03,Monthly,2026-02-01,2026-02-28,Metro,"Charleston, SC metro area",211,-1.19,14.1,-0.13
2026-07-03,Monthly,2026-01-01,2026-01-31,Metro,"Charleston, SC metro area",189,-8.87,11.23,-3.2
2026-07-03,Monthly,2026-06-01,2026-06-30,Metro,"Charlotte, NC metro area",433,2.47,11.66,-0.12
2026-07-03,Monthly,2026-05-01,2026-05-31,Metro,"Charlotte, NC metro area",425,0.43,11.45,-0.11
2026-07-03,Monthly,2026-04-01,2026-04-30,Metro,"Charlotte, NC metro area",435,10.23,11.3,0.13
2026-07-03,Monthly,2026-03-01,2026-03-31,Metro,"Charlotte, NC metro area",425,5.39,11,0.25
2026-07-03,Monthly,2026-02-01,2026-02-28,Metro,"Charlotte, NC metro area",403,-1.61,11.28,-0.01
2026-07-03,Monthly,2026-01-01,2026-01-31,Metro,"Charlotte, NC metro area",387,-1.94,10.43,-0.64
2026-07-03,Monthly,2026-06-01,2026-06-30,Metro,"Chicago, IL metro area",1018,6.24,13.44,0.23
2026-07-03,Monthly,2026-05-01,2026-05-31,Metro,"Chicago, IL metro area",1000,-0.73,13.53,-0.11
2026-07-03,Monthly,2026-04-01,2026-04-30,Metro,"Chicago, IL metro area",976,-1.52,12.41,-1.52
2026-07-03,Monthly,2026-03-01,2026-03-31,Metro,"Chicago, IL metro area",994,1.32,13.44,-0.02
2026-07-03,Monthly,2026-02-01,2026-02-28,Metro,"Chicago, IL metro area",943,-6.41,12.98,-0.87
2026-07-03,Monthly,2026-01-01,2026-01-31,Metro,"Chicago, IL metro area",861,-16.67,12.48,-2.09
2026-07-03,Monthly,2026-06-01,2026-06-30,Metro,"Cincinnati, OH metro area",329,4.22,12.49,-0.37
2026-07-03,Monthly,2026-05-01,2026-05-31,Metro,"Cincinnati, OH metro area",346,7.94,13.09,0.41
2026-07-03,Monthly,2026-04-01,2026-04-30,Metro,"Cincinnati, OH metro area",336,7.53,12.72,0.24
2026-07-03,Monthly,2026-03-01,2026-03-31,Metro,"Cincinnati, OH metro area",334,6.25,12.84,0.38
2026-07-03,Monthly,2026-02-01,2026-02-28,Metro,"Cincinnati, OH metro area",292,-13.22,12.36,-1.94
2026-07-03,Monthly,2026-01-01,2026-01-31,Metro,"Cincinnati, OH metro area",303,-2.12,12.05,-0.74
2026-07-03,Monthly,2026-06-01,2026-06-30,Metro,"Cleveland, OH metro area",404,-0.61,15.55,-1.02
2026-07-03,Monthly,2026-05-01,2026-05-31,Metro,"Cleveland, OH metro area",394,-4.98,15.38,-1.34
2026-07-03,Monthly,2026-04-01,2026-04-30,Metro,"Cleveland, OH metro area",413,6.4,16.32,0.27
2026-07-03,Monthly,2026-03-01,2026-03-31,Metro,"Cleveland, OH metro area",372,-11.78,14.84,-1.79
2026-07-03,Monthly,2026-02-01,2026-02-28,Metro,"Cleveland, OH metro area",386,-4.79,15.99,-0.39
2026-07-03,Monthly,2026-01-01,2026-01-31,Metro,"Cleveland, OH metro area",403,7.46,16.73,1.92
2026-07-03,Monthly,2026-06-01,2026-06-30,Metro,"Colorado Springs, CO metro area",192,-7.62,15.79,-0.85
2026-07-03,Monthly,2026-05-01,2026-05-31,Metro,"Colorado Springs, CO metro area",193,29.04,16.59,7.26
2026-07-03,Monthly,2026-04-01,2026-04-30,Metro,"Colorado Springs, CO metro area",242,127.58,17.35,8.23
2026-07-03,Monthly,2026-03-01,2026-03-31,Metro,"Colorado Springs, CO metro area",236,55.43,14.23,3.67
2026-07-03,Monthly,2026-02-01,2026-02-28,Metro,"Colorado Springs, CO metro area",196,62.17,13.7,4.36
2026-07-03,Monthly,2026-01-01,2026-01-31,Metro,"Colorado Springs, CO metro area",198,64.36,15.15,5.22
2026-07-03,Monthly,2026-06-01,2026-06-30,Metro,"Columbia, SC metro area",215,7.19,NA,NA
2026-07-03,Monthly,2026-05-01,2026-05-31,Metro,"Columbia, SC metro area",214,-6.74,NA,NA
2026-07-03,Monthly,2026-04-01,2026-04-30,Metro,"Columbia, SC metro area",213,8.77,NA,NA
2026-07-03,Monthly,2026-03-01,2026-03-31,Metro,"Columbia, SC metro area",211,-9.79,NA,NA
2026-07-03,Monthly,2026-02-01,2026-02-28,Metro,"Columbia, SC metro area",209,6.29,NA,NA
2026-07-03,Monthly,2026-01-01,2026-01-31,Metro,"Columbia, SC metro area",208,7.15,NA,NA
2026-07-03,Monthly,2026-06-01,2026-06-30,Metro,"Columbus, OH metro area",421,2.27,15.72,-0.3
2026-07-03,Monthly,2026-05-01,2026-05-31,Metro,"Columbus, OH metro area",418,-1.25,15.5,-0.96
2026-07-03,Monthly,2026-04-01,2026-04-30,Metro,"Columbus, OH metro area",453,15.38,17.16,1.86
2026-07-03,Monthly,2026-03-01,2026-03-31,Metro,"Columbus, OH metro area",442,18.76,16.54,1.98
2026-07-03,Monthly,2026-02-01,2026-02-28,Metro,"Columbus, OH metro area",424,9.69,16.64,1.73
2026-07-03,Monthly,2026-01-01,2026-01-31,Metro,"Columbus, OH metro area",422,15.88,15.84,1.59
2026-07-03,Monthly,2026-06-01,2026-06-30,Metro,"Dallas, TX metro area",969,-2.98,16.01,-0.43
2026-07-03,Monthly,2026-05-01,2026-05-31,Metro,"Dallas, TX metro area",1005,2.39,16.87,0.28
2026-07-03,Monthly,2026-04-01,2026-04-30,Metro,"Dallas, TX metro area",996,1.91,16.13,-0.09
2026-07-03,Monthly,2026-03-01,2026-03-31,Metro,"Dallas, TX metro area",975,-1.83,15.2,-1.15
2026-07-03,Monthly,2026-02-01,2026-02-28,Metro,"Dallas, TX metro area",1024,6.46,16.2,1.37
2026-07-03,Monthly,2026-01-01,2026-01-31,Metro,"Dallas, TX metro area",939,-5.33,15.34,-0.34
2026-07-03,Monthly,2026-06-01,2026-06-30,Metro,"Dayton, OH metro area",163,-8.51,15.47,-2.77
2026-07-03,Monthly,2026-05-01,2026-05-31,Metro,"Dayton, OH metro area",168,-9.5,16.05,-1.6
2026-07-03,Monthly,2026-04-01,2026-04-30,Metro,"Dayton, OH metro area",159,-0.69,13.34,-0.73
2026-07-03,Monthly,2026-03-01,2026-03-31,Metro,"Dayton, OH metro area",170,2.03,14.75,-0.5
2026-07-03,Monthly,2026-02-01,2026-02-28,Metro,"Dayton, OH metro area",157,-1.5,13.3,-1.31
2026-07-03,Monthly,2026-01-01,2026-01-31,Metro,"Dayton, OH metro area",172,13.43,16.07,3.14
2026-07-03,Monthly,2026-06-01,2026-06-30,Metro,"Denver, CO metro area",625,3.2,16.59,0.73
2026-07-03,Monthly,2026-05-01,2026-05-31,Metro,"Denver, CO metro area",666,-1.13,16.74,0.47
2026-07-03,Monthly,2026-04-01,2026-04-30,Metro,"Denver, CO metro area",694,-2.58,16.3,-0.45
2026-07-03,Monthly,2026-03-01,2026-03-31,Metro,"Denver, CO metro area",740,1.1,16.08,0.32
2026-07-03,Monthly,2026-02-01,2026-02-28,Metro,"Denver, CO metro area",712,1.65,15.5,-0.64
2026-07-03,Monthly,2026-01-01,2026-01-31,Metro,"Denver, CO metro area",656,-2.94,15.32,-0.4
2026-07-03,Monthly,2026-06-01,2026-06-30,Metro,"Des Moines, IA metro area",NA,NA,NA,NA
2026-07-03,Monthly,2026-05-01,2026-05-31,Metro,"Des Moines, IA metro area",NA,NA,NA,NA
2026-07-03,Monthly,2026-04-01,2026-04-30,Metro,"Des Moines, IA metro area",NA,NA,NA,NA
2026-07-03,Monthly,2026-03-01,2026-03-31,Metro,"Des Moines, IA metro area",NA,NA,NA,NA
2026-07-03,Monthly,2026-02-01,2026-02-28,Metro,"Des Moines, IA metro area",NA,NA,NA,NA
2026-07-03,Monthly,2026-01-01,2026-01-31,Metro,"Des Moines, IA metro area",NA,NA,NA,NA
2026-07-03,Monthly,2026-06-01,2026-06-30,Metro,"Detroit, MI metro area",293,56.16,13.16,2.32
2026-07-03,Monthly,2026-05-01,2026-05-31,Metro,"Detroit, MI metro area",286,47.45,14.23,3.58
2026-07-03,Monthly,2026-04-01,2026-04-30,Metro,"Detroit, MI metro area",267,41.89,13.55,4.18
2026-07-03,Monthly,2026-03-01,2026-03-31,Metro,"Detroit, MI metro area",190,-3.95,10.15,-0.45
2026-07-03,Monthly,2026-02-01,2026-02-28,Metro,"Detroit, MI metro area",201,-4.39,10.9,-0.63
2026-07-03,Monthly,2026-01-01,2026-01-31,Metro,"Detroit, MI metro area",193,-8.56,10.56,-1.27
2026-07-03,Monthly,2026-06-01,2026-06-30,Metro,"El Paso, TX metro area",154,-9.73,17.04,-2.32
2026-07-03,Monthly,2026-05-01,2026-05-31,Metro,"El Paso, TX metro area",231,54.11,23.18,7.66
2026-07-03,Monthly,2026-04-01,2026-04-30,Metro,"El Paso, TX metro area",176,18.79,18.15,0.55
2026-07-03,Monthly,2026-03-01,2026-03-31,Metro,"El Paso, TX metro area",168,8.3,17.28,0.48
2026-07-03,Monthly,2026-02-01,2026-02-28,Metro,"El Paso, TX metro area",163,2.42,18.06,-2.14
2026-07-03,Monthly,2026-01-01,2026-01-31,Metro,"El Paso, TX metro area",164,22.09,17.92,3.54
2026-07-03,Monthly,2026-06-01,2026-06-30,Metro,"Elgin, IL metro area",101,-4.81,10.93,-1.72
2026-07-03,Monthly,2026-05-01,2026-05-31,Metro,"Elgin, IL metro area",115,26.54,13.64,2.25
2026-07-03,Monthly,2026-04-01,2026-04-30,Metro,"Elgin, IL metro area",80,-28.41,8.25,-4.62
2026-07-03,Monthly,2026-03-01,2026-03-31,Metro,"Elgin, IL metro area",104,3.8,10.95,-0.51
2026-07-03,Monthly,2026-02-01,2026-02-28,Metro,"Elgin, IL metro area",92,-11.01,10.15,-2.21
2026-07-03,Monthly,2026-01-01,2026-01-31,Metro,"Elgin, IL metro area",87,-19.21,9.84,-3.38
2026-07-03,Monthly,2026-06-01,2026-06-30,Metro,"Fort Lauderdale, FL metro area",NA,NA,NA,NA
2026-07-03,Monthly,2026-05-01,2026-05-31,Metro,"Fort Lauderdale, FL metro area",NA,NA,NA,NA
2026-07-03,Monthly,2026-04-01,2026-04-30,Metro,"Fort Lauderdale, FL metro area",NA,NA,NA,NA
2026-07-03,Monthly,2026-03-01,2026-03-31,Metro,"Fort Lauderdale, FL metro area",NA,NA,NA,NA
2026-07-03,Monthly,2026-02-01,2026-02-28,Metro,"Fort Lauderdale, FL metro area",NA,NA,NA,NA
2026-07-03,Monthly,2026-01-01,2026-01-31,Metro,"Fort Lauderdale, FL metro area",NA,NA,NA,NA
2026-07-03,Monthly,2026-06-01,2026-06-30,Metro,"Fort Worth, TX metro area",502,-0.7,17.91,0.44
2026-07-03,Monthly,2026-05-01,2026-05-31,Metro,"Fort Worth, TX metro area",519,6.75,18.33,0.83
2026-07-03,Monthly,2026-04-01,2026-04-30,Metro,"Fort Worth, TX metro area",507,-0.58,17.43,-1.2
2026-07-03,Monthly,2026-03-01,2026-03-31,Metro,"Fort Worth, TX metro area",499,-2.94,16.61,-2.06
2026-07-03,Monthly,2026-02-01,2026-02-28,Metro,"Fort Worth, TX metro area",523,3.7,17.82,0.64
2026-07-03,Monthly,2026-01-01,2026-01-31,Metro,"Fort Worth, TX metro area",489,-0.19,16.6,0.14
2026-07-03,Monthly,2026-06-01,2026-06-30,Metro,"Frederick, MD metro area",132,7.53,10.1,0.21
2026-07-03,Monthly,2026-05-01,2026-05-31,Metro,"Frederick, MD metro area",145,15.24,10.42,0.65
2026-07-03,Monthly,2026-04-01,2026-04-30,Metro,"Frederick, MD metro area",125,16.58,9.41,0.32
2026-07-03,Monthly,2026-03-01,2026-03-31,Metro,"Frederick, MD metro area",118,8.82,9.42,0.33
2026-07-03,Monthly,2026-02-01,2026-02-28,Metro,"Frederick, MD metro area",108,-13.22,9.55,-0.65
2026-07-03,Monthly,2026-01-01,2026-01-31,Metro,"Frederick, MD metro area",129,9.65,10.32,0.36
2026-07-03,Monthly,2026-06-01,2026-06-30,Metro,"Fresno, CA metro area",NA,NA,16.82,-1.39
2026-07-03,Monthly,2026-05-01,2026-05-31,Metro,"Fresno, CA metro area",NA,NA,15.58,-1.55
2026-07-03,Monthly,2026-04-01,2026-04-30,Metro,"Fresno, CA metro area",NA,NA,15.59,-0.07
2026-07-03,Monthly,2026-03-01,2026-03-31,Metro,"Fresno, CA metro area",NA,NA,15.33,-0.12
2026-07-03,Monthly,2026-02-01,2026-02-28,Metro,"Fresno, CA metro area",NA,NA,15.89,-1.22
2026-07-03,Monthly,2026-01-01,2026-01-31,Metro,"Fresno, CA metro area",NA,NA,14.99,1.52
2026-07-03,Monthly,2026-06-01,2026-06-30,Metro,"Gary, IN metro area",NA,NA,NA,NA
2026-07-03,Monthly,2026-05-01,2026-05-31,Metro,"Gary, IN metro area",NA,NA,NA,NA
2026-07-03,Monthly,2026-04-01,2026-04-30,Metro,"Gary, IN metro area",NA,NA,NA,NA
2026-07-03,Monthly,2026-03-01,2026-03-31,Metro,"Gary, IN metro area",NA,NA,NA,NA
2026-07-03,Monthly,2026-02-01,2026-02-28,Metro,"Gary, IN metro area",NA,NA,NA,NA
2026-07-03,Monthly,2026-01-01,2026-01-31,Metro,"Gary, IN metro area",NA,NA,NA,NA
2026-07-03,Monthly,2026-06-01,2026-06-30,Metro,"Grand Rapids, MI metro area",131,55,8.65,1.63
2026-07-03,Monthly,2026-05-01,2026-05-31,Metro,"Grand Rapids, MI metro area",128,25.5,9.12,1.09
2026-07-03,Monthly,2026-04-01,2026-04-30,Metro,"Grand Rapids, MI metro area",105,7.02,7.88,0.17
2026-07-03,Monthly,2026-03-01,2026-03-31,Metro,"Grand Rapids, MI metro area",94,-3.81,8.02,0.21
2026-07-03,Monthly,2026-02-01,2026-02-28,Metro,"Grand Rapids, MI metro area",87,-1.35,7.38,0.05
2026-07-03,Monthly,2026-01-01,2026-01-31,Metro,"Grand Rapids, MI metro area",86,-7.57,8.17,-0.48
2026-07-03,Monthly,2026-06-01,2026-06-30,Metro,"Greensboro, NC metro area",107,12.11,14.75,2.08
2026-07-03,Monthly,2026-05-01,2026-05-31,Metro,"Greensboro, NC metro area",100,-6.7,12.52,-1.84
2026-07-03,Monthly,2026-04-01,2026-04-30,Metro,"Greensboro, NC metro area",98,-11.01,11.15,-2.95
2026-07-03,Monthly,2026-03-01,2026-03-31,Metro,"Greensboro, NC metro area",104,1.13,11.79,0.29
2026-07-03,Monthly,2026-02-01,2026-02-28,Metro,"Greensboro, NC metro area",100,3.46,14.55,3.24
2026-07-03,Monthly,2026-01-01,2026-01-31,Metro,"Greensboro, NC metro area",106,12.08,15.15,4.35
2026-07-03,Monthly,2026-06-01,2026-06-30,Metro,"Greenville, SC metro area",181,19.09,13.15,0.99
2026-07-03,Monthly,2026-05-01,2026-05-31,Metro,"Greenville, SC metro area",184,22.33,13.83,1.44
2026-07-03,Monthly,2026-04-01,2026-04-30,Metro,"Greenville, SC metro area",179,7.33,12.91,-0.26
2026-07-03,Monthly,2026-03-01,2026-03-31,Metro,"Greenville, SC metro area",184,9.93,13.15,0.29
2026-07-03,Monthly,2026-02-01,2026-02-28,Metro,"Greenville, SC metro area",166,-1.17,13.13,0.19
2026-07-03,Monthly,2026-01-01,2026-01-31,Metro,"Greenville, SC metro area",158,-1.07,12.15,-0.84
2026-07-03,Monthly,2026-06-01,2026-06-30,Metro,"Hartford, CT metro area",NA,NA,10.77,0.47
2026-07-03,Monthly,2026-05-01,2026-05-31,Metro,"Hartford, CT metro area",NA,NA,10.55,-1.3
2026-07-03,Monthly,2026-04-01,2026-04-30,Metro,"Hartford, CT metro area",NA,NA,9.69,-1.51
2026-07-03,Monthly,2026-03-01,2026-03-31,Metro,"Hartford, CT metro area",NA,NA,10.69,0.2
2026-07-03,Monthly,2026-02-01,2026-02-28,Metro,"Hartford, CT metro area",NA,NA,10.6,-1.53
2026-07-03,Monthly,2026-01-01,2026-01-31,Metro,"Hartford, CT metro area",NA,NA,11.37,-0.76
2026-07-03,Monthly,2026-06-01,2026-06-30,Metro,"Honolulu, HI metro area",131,12.66,16.58,1.51
2026-07-03,Monthly,2026-05-01,2026-05-31,Metro,"Honolulu, HI metro area",139,10.57,18.41,0.3
2026-07-03,Monthly,2026-04-01,2026-04-30,Metro,"Honolulu, HI metro area",128,16.02,16.22,1.49
2026-07-03,Monthly,2026-03-01,2026-03-31,Metro,"Honolulu, HI metro area",138,30.89,18.82,4.7
2026-07-03,Monthly,2026-02-01,2026-02-28,Metro,"Honolulu, HI metro area",120,-1.09,16.31,-0.14
2026-07-03,Monthly,2026-01-01,2026-01-31,Metro,"Honolulu, HI metro area",114,-5.28,13.4,-2.3
2026-07-03,Monthly,2026-06-01,2026-06-30,Metro,"Houston, TX metro area",1217,1.59,16.22,1.83
2026-07-03,Monthly,2026-05-01,2026-05-31,Metro,"Houston, TX metro area",1237,3.81,15.39,1.02
2026-07-03,Monthly,2026-04-01,2026-04-30,Metro,"Houston, TX metro area",1240,-2.43,14.59,-0.52
2026-07-03,Monthly,2026-03-01,2026-03-31,Metro,"Houston, TX metro area",1201,-3.84,14.29,-0.38
2026-07-03,Monthly,2026-02-01,2026-02-28,Metro,"Houston, TX metro area",1249,-1.41,14.46,-0.21
2026-07-03,Monthly,2026-01-01,2026-01-31,Metro,"Houston, TX metro area",1222,-4.5,14.51,-0.71
2026-07-03,Monthly,2026-06-01,2026-06-30,Metro,"Indianapolis, IN metro area",455,3.42,14.6,-0.59
2026-07-03,Monthly,2026-05-01,2026-05-31,Metro,"Indianapolis, IN metro area",461,2.55,14.89,0
2026-07-03,Monthly,2026-04-01,2026-04-30,Metro,"Indianapolis, IN metro area",450,-1.28,13.9,-1.1
2026-07-03,Monthly,2026-03-01,2026-03-31,Metro,"Indianapolis, IN metro area",433,-4.1,13.93,-0.65
2026-07-03,Monthly,2026-02-01,2026-02-28,Metro,"Indianapolis, IN metro area",425,-7.44,13.79,-1.15
2026-07-03,Monthly,2026-01-01,2026-01-31,Metro,"Indianapolis, IN metro area",433,-0.82,14.37,-0.14
2026-07-03,Monthly,2026-06-01,2026-06-30,Metro,"Jacksonville, FL metro area",437,-17.77,NA,NA
2026-07-03,Monthly,2026-05-01,2026-05-31,Metro,"Jacksonville, FL metro area",504,-1.36,NA,NA
2026-07-03,Monthly,2026-04-01,2026-04-30,Metro,"Jacksonville, FL metro area",501,-1.31,NA,NA
2026-07-03,Monthly,2026-03-01,2026-03-31,Metro,"Jacksonville, FL metro area",500,-2.08,NA,NA
2026-07-03,Monthly,2026-02-01,2026-02-28,Metro,"Jacksonville, FL metro area",498,4.68,NA,NA
2026-07-03,Monthly,2026-01-01,2026-01-31,Metro,"Jacksonville, FL metro area",514,8.17,NA,NA
2026-07-03,Monthly,2026-06-01,2026-06-30,Metro,"Kansas City, MO metro area",379,-8.14,12.69,-1.61
2026-07-03,Monthly,2026-05-01,2026-05-31,Metro,"Kansas City, MO metro area",391,-5.18,13.14,-0.74
2026-07-03,Monthly,2026-04-01,2026-04-30,Metro,"Kansas City, MO metro area",410,2.58,13.32,-0.37
2026-07-03,Monthly,2026-03-01,2026-03-31,Metro,"Kansas City, MO metro area",334,-16.98,12.28,-1.96
2026-07-03,Monthly,2026-02-01,2026-02-28,Metro,"Kansas City, MO metro area",346,-4.88,12.42,-1.81
2026-07-03,Monthly,2026-01-01,2026-01-31,Metro,"Kansas City, MO metro area",357,-8.29,11.78,-2.78
2026-07-03,Monthly,2026-06-01,2026-06-30,Metro,"Knoxville, TN metro area",221,-14.79,16.58,-0.14
2026-07-03,Monthly,2026-05-01,2026-05-31,Metro,"Knoxville, TN metro area",238,-3.41,17.52,0.94
2026-07-03,Monthly,2026-04-01,2026-04-30,Metro,"Knoxville, TN metro area",261,14.59,18.32,3.2
2026-07-03,Monthly,2026-03-01,2026-03-31,Metro,"Knoxville, TN metro area",233,-0.56,16.62,0.92
2026-07-03,Monthly,2026-02-01,2026-02-28,Metro,"Knoxville, TN metro area",218,-2.99,16.02,1.6
2026-07-03,Monthly,2026-01-01,2026-01-31,Metro,"Knoxville, TN metro area",236,6.72,16.35,1.28
2026-07-03,Monthly,2026-06-01,2026-06-30,Metro,"Lake County, IL metro area",114,4.3,11.64,-0.33
2026-07-03,Monthly,2026-05-01,2026-05-31,Metro,"Lake County, IL metro area",118,2.38,12.49,0.04
2026-07-03,Monthly,2026-04-01,2026-04-30,Metro,"Lake County, IL metro area",126,10.88,11.81,0.43
2026-07-03,Monthly,2026-03-01,2026-03-31,Metro,"Lake County, IL metro area",125,21.27,12.87,1.79
2026-07-03,Monthly,2026-02-01,2026-02-28,Metro,"Lake County, IL metro area",122,5.71,13.02,0.99
2026-07-03,Monthly,2026-01-01,2026-01-31,Metro,"Lake County, IL metro area",98,-20.37,9.94,-3.25
2026-07-03,Monthly,2026-06-01,2026-06-30,Metro,"Lakeland, FL metro area",236,-15.47,19.9,-1.38
2026-07-03,Monthly,2026-05-01,2026-05-31,Metro,"Lakeland, FL metro area",259,-8.16,20.66,-0.08
2026-07-03,Monthly,2026-04-01,2026-04-30,Metro,"Lakeland, FL metro area",253,-13.91,19.84,-0.62
2026-07-03,Monthly,2026-03-01,2026-03-31,Metro,"Lakeland, FL metro area",237,-21.42,19.13,-1.13
2026-07-03,Monthly,2026-02-01,2026-02-28,Metro,"Lakeland, FL metro area",277,-6.52,20.38,0.84
2026-07-03,Monthly,2026-01-01,2026-01-31,Metro,"Lakeland, FL metro area",278,-10.88,21.43,0.56
2026-07-03,Monthly,2026-06-01,2026-06-30,Metro,"Las Vegas, NV metro area",538,19.96,17.82,1.54
2026-07-03,Monthly,2026-05-01,2026-05-31,Metro,"Las Vegas, NV metro area",485,4.14,16.97,0.61
2026-07-03,Monthly,2026-04-01,2026-04-30,Metro,"Las Vegas, NV metro area",479,0.39,16.74,0.37
2026-07-03,Monthly,2026-03-01,2026-03-31,Metro,"Las Vegas, NV metro area",470,-2.43,16.79,0.43
2026-07-03,Monthly,2026-02-01,2026-02-28,Metro,"Las Vegas, NV metro area",471,-2.57,16.54,0.38
2026-07-03,Monthly,2026-01-01,2026-01-31,Metro,"Las Vegas, NV metro area",464,-6.85,16.11,-0.58
2026-07-03,Monthly,2026-06-01,2026-06-30,Metro,"Little Rock, AR metro area",157,-6.37,16.02,-0.95
2026-07-03,Monthly,2026-05-01,2026-05-31,Metro,"Little Rock, AR metro area",182,21.29,17.81,2.27
2026-07-03,Monthly,2026-04-01,2026-04-30,Metro,"Little Rock, AR metro area",170,12.11,14.82,-0.45
2026-07-03,Monthly,2026-03-01,2026-03-31,Metro,"Little Rock, AR metro area",152,-5.82,13.75,-1.53
2026-07-03,Monthly,2026-02-01,2026-02-28,Metro,"Little Rock, AR metro area",164,15.5,15.17,1.44
2026-07-03,Monthly,2026-01-01,2026-01-31,Metro,"Little Rock, AR metro area",161,4.59,16.46,0.78
2026-07-03,Monthly,2026-06-01,2026-06-30,Metro,"Los Angeles, CA metro area",725,4.4,15.05,-0.26
2026-07-03,Monthly,2026-05-01,2026-05-31,Metro,"Los Angeles, CA metro area",712,7.47,15.22,1.23
2026-07-03,Monthly,2026-04-01,2026-04-30,Metro,"Los Angeles, CA metro area",729,-0.86,15.23,-0.61
2026-07-03,Monthly,2026-03-01,2026-03-31,Metro,"Los Angeles, CA metro area",712,0.8,14.74,0.25
2026-07-03,Monthly,2026-02-01,2026-02-28,Metro,"Los Angeles, CA metro area",742,7.29,15.25,1.83
2026-07-03,Monthly,2026-01-01,2026-01-31,Metro,"Los Angeles, CA metro area",707,-0.25,14.87,-0.07
2026-07-03,Monthly,2026-06-01,2026-06-30,Metro,"Louisville, KY metro area",179,-4.81,NA,NA
2026-07-03,Monthly,2026-05-01,2026-05-31,Metro,"Louisville, KY metro area",197,7.92,NA,NA
2026-07-03,Monthly,2026-04-01,2026-04-30,Metro,"Louisville, KY metro area",213,10.63,NA,NA
2026-07-03,Monthly,2026-03-01,2026-03-31,Metro,"Louisville, KY metro area",179,-8.79,NA,NA
2026-07-03,Monthly,2026-02-01,2026-02-28,Metro,"Louisville, KY metro area",168,-28.19,NA,NA
2026-07-03,Monthly,2026-01-01,2026-01-31,Metro,"Louisville, KY metro area",175,-18.05,NA,NA
2026-07-03,Monthly,2026-06-01,2026-06-30,Metro,"McAllen, TX metro area",NA,NA,NA,NA
2026-07-03,Monthly,2026-05-01,2026-05-31,Metro,"McAllen, TX metro area",NA,NA,NA,NA
2026-07-03,Monthly,2026-04-01,2026-04-30,Metro,"McAllen, TX metro area",NA,NA,NA,NA
2026-07-03,Monthly,2026-03-01,2026-03-31,Metro,"McAllen, TX metro area",NA,NA,NA,NA
2026-07-03,Monthly,2026-02-01,2026-02-28,Metro,"McAllen, TX metro area",NA,NA,NA,NA
2026-07-03,Monthly,2026-01-01,2026-01-31,Metro,"McAllen, TX metro area",NA,NA,NA,NA
2026-07-03,Monthly,2026-06-01,2026-06-30,Metro,"Memphis, TN metro area",224,9.52,16.21,1.75
2026-07-03,Monthly,2026-05-01,2026-05-31,Metro,"Memphis, TN metro area",230,-19.12,16.27,-0.84
2026-07-03,Monthly,2026-04-01,2026-04-30,Metro,"Memphis, TN metro area",216,-0.18,14.98,0.11
2026-07-03,Monthly,2026-03-01,2026-03-31,Metro,"Memphis, TN metro area",220,4.24,15.81,1.22
2026-07-03,Monthly,2026-02-01,2026-02-28,Metro,"Memphis, TN metro area",219,0.62,15.96,0.49
2026-07-03,Monthly,2026-01-01,2026-01-31,Metro,"Memphis, TN metro area",216,1.12,15.36,0.82
2026-07-03,Monthly,2026-06-01,2026-06-30,Metro,"Miami, FL metro area",342,4.3,14.93,0.16
2026-07-03,Monthly,2026-05-01,2026-05-31,Metro,"Miami, FL metro area",339,4.75,13.98,-1.35
2026-07-03,Monthly,2026-04-01,2026-04-30,Metro,"Miami, FL metro area",342,1.85,14.64,-1.45
2026-07-03,Monthly,2026-03-01,2026-03-31,Metro,"Miami, FL metro area",307,-9.69,14.02,-2.41
2026-07-03,Monthly,2026-02-01,2026-02-28,Metro,"Miami, FL metro area",351,4.75,14.49,0.16
2026-07-03,Monthly,2026-01-01,2026-01-31,Metro,"Miami, FL metro area",331,5.47,14.36,0.21
2026-07-03,Monthly,2026-06-01,2026-06-30,Metro,"Milwaukee, WI metro area",128,11.32,8.5,-0.05
2026-07-03,Monthly,2026-05-01,2026-05-31,Metro,"Milwaukee, WI metro area",132,5.78,8.07,-0.28
2026-07-03,Monthly,2026-04-01,2026-04-30,Metro,"Milwaukee, WI metro area",134,-11.07,8.17,-1.49
2026-07-03,Monthly,2026-03-01,2026-03-31,Metro,"Milwaukee, WI metro area",116,-14.52,7.35,-1.41
2026-07-03,Monthly,2026-02-01,2026-02-28,Metro,"Milwaukee, WI metro area",129,-8.26,7.23,-1.59
2026-07-03,Monthly,2026-01-01,2026-01-31,Metro,"Milwaukee, WI metro area",122,-18.84,6.88,-1.99
2026-07-03,Monthly,2026-06-01,2026-06-30,Metro,"Minneapolis, MN metro area",432,12.33,9.95,0.56
2026-07-03,Monthly,2026-05-01,2026-05-31,Metro,"Minneapolis, MN metro area",436,15.84,10.01,0.67
2026-07-03,Monthly,2026-04-01,2026-04-30,Metro,"Minneapolis, MN metro area",426,14.48,9.82,0.94
2026-07-03,Monthly,2026-03-01,2026-03-31,Metro,"Minneapolis, MN metro area",422,7.93,9.98,0.96
2026-07-03,Monthly,2026-02-01,2026-02-28,Metro,"Minneapolis, MN metro area",411,9.01,9.25,0.27
2026-07-03,Monthly,2026-01-01,2026-01-31,Metro,"Minneapolis, MN metro area",399,-0.16,9.21,-0.86
2026-07-03,Monthly,2026-06-01,2026-06-30,Metro,"Montgomery County, PA metro area",147,-0.28,7.58,-0.41
2026-07-03,Monthly,2026-05-01,2026-05-31,Metro,"Montgomery County, PA metro area",139,-7.69,7.49,-0.65
2026-07-03,Monthly,2026-04-01,2026-04-30,Metro,"Montgomery County, PA metro area",143,-5.53,7.55,-0.98
2026-07-03,Monthly,2026-03-01,2026-03-31,Metro,"Montgomery County, PA metro area",134,-6.29,7.65,0.14
2026-07-03,Monthly,2026-02-01,2026-02-28,Metro,"Montgomery County, PA metro area",146,12.6,8.51,1.45
2026-07-03,Monthly,2026-01-01,2026-01-31,Metro,"Montgomery County, PA metro area",138,0.92,8,0.27
2026-07-03,Monthly,2026-06-01,2026-06-30,Metro,"Nashville, TN metro area",383,14.78,13.1,0.81
2026-07-03,Monthly,2026-05-01,2026-05-31,Metro,"Nashville, TN metro area",366,-4.92,12.73,-0.91
2026-07-03,Monthly,2026-04-01,2026-04-30,Metro,"Nashville, TN metro area",400,7.76,13.18,-0.16
2026-07-03,Monthly,2026-03-01,2026-03-31,Metro,"Nashville, TN metro area",363,-5.05,11.94,-0.69
2026-07-03,Monthly,2026-02-01,2026-02-28,Metro,"Nashville, TN metro area",356,2.03,11.79,0.4
2026-07-03,Monthly,2026-01-01,2026-01-31,Metro,"Nashville, TN metro area",354,1.72,12.32,0.34
2026-07-03,Monthly,2026-06-01,2026-06-30,Metro,"Nassau County, NY metro area",80,-25.43,3.91,-2.07
2026-07-03,Monthly,2026-05-01,2026-05-31,Metro,"Nassau County, NY metro area",74,-27.7,3.85,-2.39
2026-07-03,Monthly,2026-04-01,2026-04-30,Metro,"Nassau County, NY metro area",72,-26.97,3.41,-1.74
2026-07-03,Monthly,2026-03-01,2026-03-31,Metro,"Nassau County, NY metro area",70,-25.62,3.55,-1.02
2026-07-03,Monthly,2026-02-01,2026-02-28,Metro,"Nassau County, NY metro area",79,-7.14,4.52,0.49
2026-07-03,Monthly,2026-01-01,2026-01-31,Metro,"Nassau County, NY metro area",75,-21,3.84,-0.99
2026-07-03,Monthly,2026-06-01,2026-06-30,Metro,"New Brunswick, NJ metro area",279,6.1,10.33,0.11
2026-07-03,Monthly,2026-05-01,2026-05-31,Metro,"New Brunswick, NJ metro area",263,-3.87,9.55,-0.73
2026-07-03,Monthly,2026-04-01,2026-04-30,Metro,"New Brunswick, NJ metro area",264,-1.27,8.51,-1.57
2026-07-03,Monthly,2026-03-01,2026-03-31,Metro,"New Brunswick, NJ metro area",254,-6.57,9.61,-0.17
2026-07-03,Monthly,2026-02-01,2026-02-28,Metro,"New Brunswick, NJ metro area",255,-6.05,10.61,-0.2
2026-07-03,Monthly,2026-01-01,2026-01-31,Metro,"New Brunswick, NJ metro area",259,-4.15,11.43,1.13
2026-07-03,Monthly,2026-06-01,2026-06-30,Metro,"New Haven, CT metro area",NA,NA,NA,NA
2026-07-03,Monthly,2026-05-01,2026-05-31,Metro,"New Haven, CT metro area",NA,NA,NA,NA
2026-07-03,Monthly,2026-04-01,2026-04-30,Metro,"New Haven, CT metro area",NA,NA,NA,NA
2026-07-03,Monthly,2026-03-01,2026-03-31,Metro,"New Haven, CT metro area",NA,NA,NA,NA
2026-07-03,Monthly,2026-02-01,2026-02-28,Metro,"New Haven, CT metro area",NA,NA,NA,NA
2026-07-03,Monthly,2026-01-01,2026-01-31,Metro,"New Haven, CT metro area",NA,NA,NA,NA
2026-07-03,Monthly,2026-06-01,2026-06-30,Metro,"New Orleans, LA metro area",223,7.04,18.03,1.07
2026-07-03,Monthly,2026-05-01,2026-05-31,Metro,"New Orleans, LA metro area",262,37.6,21,5.2
2026-07-03,Monthly,2026-04-01,2026-04-30,Metro,"New Orleans, LA metro area",247,21.65,18.75,2.93
2026-07-03,Monthly,2026-03-01,2026-03-31,Metro,"New Orleans, LA metro area",178,-3.08,12.26,-3.15
2026-07-03,Monthly,2026-02-01,2026-02-28,Metro,"New Orleans, LA metro area",197,12.43,17.61,1.8
2026-07-03,Monthly,2026-01-01,2026-01-31,Metro,"New Orleans, LA metro area",180,2.24,14.21,-1.29
2026-07-03,Monthly,2026-06-01,2026-06-30,Metro,"New York, NY metro area",416,-6.36,7.28,-1
2026-07-03,Monthly,2026-05-01,2026-05-31,Metro,"New York, NY metro area",372,-26.57,6.56,-2.76
2026-07-03,Monthly,2026-04-01,2026-04-30,Metro,"New York, NY metro area",386,-14.41,7.19,-1.17
2026-07-03,Monthly,2026-03-01,2026-03-31,Metro,"New York, NY metro area",373,-16.57,7.28,-0.63
2026-07-03,Monthly,2026-02-01,2026-02-28,Metro,"New York, NY metro area",370,-23.22,7.29,-1.57
2026-07-03,Monthly,2026-01-01,2026-01-31,Metro,"New York, NY metro area",387,-11.41,8.18,-0.06
2026-07-03,Monthly,2026-06-01,2026-06-30,Metro,"Newark, NJ metro area",163,-7.8,8.38,-1.68
2026-07-03,Monthly,2026-05-01,2026-05-31,Metro,"Newark, NJ metro area",163,-2.11,8.26,-0.05
2026-07-03,Monthly,2026-04-01,2026-04-30,Metro,"Newark, NJ metro area",163,-5.25,8.33,-0.92
2026-07-03,Monthly,2026-03-01,2026-03-31,Metro,"Newark, NJ metro area",163,-2.84,8.62,-0.42
2026-07-03,Monthly,2026-02-01,2026-02-28,Metro,"Newark, NJ metro area",157,-4.47,8.42,-0.58
2026-07-03,Monthly,2026-01-01,2026-01-31,Metro,"Newark, NJ metro area",153,-13.34,10.17,-1.3
2026-07-03,Monthly,2026-06-01,2026-06-30,Metro,"North Port, FL metro area",277,-13.03,14.06,-0.11
2026-07-03,Monthly,2026-05-01,2026-05-31,Metro,"North Port, FL metro area",299,1.03,14.09,0.01
2026-07-03,Monthly,2026-04-01,2026-04-30,Metro,"North Port, FL metro area",285,-12.48,14.06,-0.1
2026-07-03,Monthly,2026-03-01,2026-03-31,Metro,"North Port, FL metro area",304,-1.71,14.12,0.04
2026-07-03,Monthly,2026-02-01,2026-02-28,Metro,"North Port, FL metro area",304,-5.11,14.12,-0.01
2026-07-03,Monthly,2026-01-01,2026-01-31,Metro,"North Port, FL metro area",307,-7.27,14.12,-2.15
2026-07-03,Monthly,2026-06-01,2026-06-30,Metro,"Oakland, CA metro area",145,9.05,8.55,0.58
2026-07-03,Monthly,2026-05-01,2026-05-31,Metro,"Oakland, CA metro area",172,17.36,9.97,1.49
2026-07-03,Monthly,2026-04-01,2026-04-30,Metro,"Oakland, CA metro area",145,6.69,7.95,-0.25
2026-07-03,Monthly,2026-03-01,2026-03-31,Metro,"Oakland, CA metro area",155,8.46,8.84,0.48
2026-07-03,Monthly,2026-02-01,2026-02-28,Metro,"Oakland, CA metro area",162,-14.97,8.41,0.26
2026-07-03,Monthly,2026-01-01,2026-01-31,Metro,"Oakland, CA metro area",125,-0.77,6.81,1.24
2026-07-03,Monthly,2026-06-01,2026-06-30,Metro,"Oklahoma City, OK metro area",302,5.95,15.31,0.51
2026-07-03,Monthly,2026-05-01,2026-05-31,Metro,"Oklahoma City, OK metro area",300,-3.25,15.31,-0.48
2026-07-03,Monthly,2026-04-01,2026-04-30,Metro,"Oklahoma City, OK metro area",311,1.78,15.22,-0.66
2026-07-03,Monthly,2026-03-01,2026-03-31,Metro,"Oklahoma City, OK metro area",322,8.69,15.48,0.14
2026-07-03,Monthly,2026-02-01,2026-02-28,Metro,"Oklahoma City, OK metro area",326,11.85,15.56,0.35
2026-07-03,Monthly,2026-01-01,2026-01-31,Metro,"Oklahoma City, OK metro area",310,5.28,15.73,0.98
2026-07-03,Monthly,2026-06-01,2026-06-30,Metro,"Omaha, NE metro area",63,-0.51,6.68,1.03
2026-07-03,Monthly,2026-05-01,2026-05-31,Metro,"Omaha, NE metro area",72,24.36,6.99,2.01
2026-07-03,Monthly,2026-04-01,2026-04-30,Metro,"Omaha, NE metro area",66,13.27,6.2,1.08
2026-07-03,Monthly,2026-03-01,2026-03-31,Metro,"Omaha, NE metro area",67,4.44,5.79,0.16
2026-07-03,Monthly,2026-02-01,2026-02-28,Metro,"Omaha, NE metro area",68,15.78,6.28,0.29
2026-07-03,Monthly,2026-01-01,2026-01-31,Metro,"Omaha, NE metro area",63,-1.03,5.75,-0.37
2026-07-03,Monthly,2026-06-01,2026-06-30,Metro,"Orlando, FL metro area",634,0.28,17.27,-0.49
2026-07-03,Monthly,2026-05-01,2026-05-31,Metro,"Orlando, FL metro area",666,-4.86,17.98,-1.22
2026-07-03,Monthly,2026-04-01,2026-04-30,Metro,"Orlando, FL metro area",630,-11.18,17.02,-2.09
2026-07-03,Monthly,2026-03-01,2026-03-31,Metro,"Orlando, FL metro area",657,-8.97,18.47,-0.29
2026-07-03,Monthly,2026-02-01,2026-02-28,Metro,"Orlando, FL metro area",673,-2.6,18.25,0.17
2026-07-03,Monthly,2026-01-01,2026-01-31,Metro,"Orlando, FL metro area",681,-5.19,18.33,-0.21
2026-07-03,Monthly,2026-06-01,2026-06-30,Metro,"Oxnard, CA metro area",64,-27.36,10.95,-5.35
2026-07-03,Monthly,2026-05-01,2026-05-31,Metro,"Oxnard, CA metro area",79,-16.17,14.1,-2.04
2026-07-03,Monthly,2026-04-01,2026-04-30,Metro,"Oxnard, CA metro area",93,10.29,15.08,0.47
2026-07-03,Monthly,2026-03-01,2026-03-31,Metro,"Oxnard, CA metro area",89,14.15,13.64,1.12
2026-07-03,Monthly,2026-02-01,2026-02-28,Metro,"Oxnard, CA metro area",94,22.45,14.76,3.04
2026-07-03,Monthly,2026-01-01,2026-01-31,Metro,"Oxnard, CA metro area",80,19.52,11.9,1.66
2026-07-03,Monthly,2026-06-01,2026-06-30,Metro,"Philadelphia, PA metro area",205,-8.12,11.22,-1.29
2026-07-03,Monthly,2026-05-01,2026-05-31,Metro,"Philadelphia, PA metro area",193,-13.33,10.48,-1.12
2026-07-03,Monthly,2026-04-01,2026-04-30,Metro,"Philadelphia, PA metro area",205,-9.36,10.71,-0.82
2026-07-03,Monthly,2026-03-01,2026-03-31,Metro,"Philadelphia, PA metro area",196,-12.08,10.74,-0.53
2026-07-03,Monthly,2026-02-01,2026-02-28,Metro,"Philadelphia, PA metro area",194,-12.4,10.9,-0.9
2026-07-03,Monthly,2026-01-01,2026-01-31,Metro,"Philadelphia, PA metro area",199,-6,11.14,-0.07
2026-07-03,Monthly,2026-06-01,2026-06-30,Metro,"Phoenix, AZ metro area",1138,-0.87,16.45,-0.99
2026-07-03,Monthly,2026-05-01,2026-05-31,Metro,"Phoenix, AZ metro area",1242,5.5,18.09,0.25
2026-07-03,Monthly,2026-04-01,2026-04-30,Metro,"Phoenix, AZ metro area",1209,-1.12,17.41,-1.2
2026-07-03,Monthly,2026-03-01,2026-03-31,Metro,"Phoenix, AZ metro area",1235,8.78,17.27,0.77
2026-07-03,Monthly,2026-02-01,2026-02-28,Metro,"Phoenix, AZ metro area",1212,4.44,17.37,0.38
2026-07-03,Monthly,2026-01-01,2026-01-31,Metro,"Phoenix, AZ metro area",1124,-3.16,16.06,-1.18
2026-07-03,Monthly,2026-06-01,2026-06-30,Metro,"Pittsburgh, PA metro area",324,4.12,13.89,0.25
2026-07-03,Monthly,2026-05-01,2026-05-31,Metro,"Pittsburgh, PA metro area",328,59.41,15.31,3.61
2026-07-03,Monthly,2026-04-01,2026-04-30,Metro,"Pittsburgh, PA metro area",324,5.1,13.85,-0.17
2026-07-03,Monthly,2026-03-01,2026-03-31,Metro,"Pittsburgh, PA metro area",315,-1.13,13.52,-0.4
2026-07-03,Monthly,2026-02-01,2026-02-28,Metro,"Pittsburgh, PA metro area",302,-3.55,13.14,-0.31
2026-07-03,Monthly,2026-01-01,2026-01-31,Metro,"Pittsburgh, PA metro area",301,-3.64,13.22,0.26
2026-07-03,Monthly,2026-06-01,2026-06-30,Metro,"Portland, OR metro area",443,9.22,15.81,0.54
2026-07-03,Monthly,2026-05-01,2026-05-31,Metro,"Portland, OR metro area",463,12.33,16.69,0.88
2026-07-03,Monthly,2026-04-01,2026-04-30,Metro,"Portland, OR metro area",419,3.42,13.89,-0.95
2026-07-03,Monthly,2026-03-01,2026-03-31,Metro,"Portland, OR metro area",414,5.09,14.75,0.02
2026-07-03,Monthly,2026-02-01,2026-02-28,Metro,"Portland, OR metro area",426,0.5,14.85,-1.34
2026-07-03,Monthly,2026-01-01,2026-01-31,Metro,"Portland, OR metro area",416,0.64,14.3,0.08
2026-07-03,Monthly,2026-06-01,2026-06-30,Metro,"Providence, RI metro area",162,7.71,10.61,0.1
2026-07-03,Monthly,2026-05-01,2026-05-31,Metro,"Providence, RI metro area",189,25.93,12.26,1.87
2026-07-03,Monthly,2026-04-01,2026-04-30,Metro,"Providence, RI metro area",172,13.91,11.71,1.41
2026-07-03,Monthly,2026-03-01,2026-03-31,Metro,"Providence, RI metro area",137,10.44,10.81,2.02
2026-07-03,Monthly,2026-02-01,2026-02-28,Metro,"Providence, RI metro area",150,-5.68,11.57,0.26
2026-07-03,Monthly,2026-01-01,2026-01-31,Metro,"Providence, RI metro area",123,-24.9,9.54,-1.97
2026-07-03,Monthly,2026-06-01,2026-06-30,Metro,"Raleigh, NC metro area",168,-10.17,8.32,-0.83
2026-07-03,Monthly,2026-05-01,2026-05-31,Metro,"Raleigh, NC metro area",152,-17.72,7.81,-1.49
2026-07-03,Monthly,2026-04-01,2026-04-30,Metro,"Raleigh, NC metro area",178,19.83,8.62,0.81
2026-07-03,Monthly,2026-03-01,2026-03-31,Metro,"Raleigh, NC metro area",181,2.99,8.1,-0.52
2026-07-03,Monthly,2026-02-01,2026-02-28,Metro,"Raleigh, NC metro area",154,-7.78,7.71,-1.23
2026-07-03,Monthly,2026-01-01,2026-01-31,Metro,"Raleigh, NC metro area",150,-8.03,7.56,-0.59
2026-07-03,Monthly,2026-06-01,2026-06-30,Metro,"Richmond, VA metro area",156,-13.7,9,-1.98
2026-07-03,Monthly,2026-05-01,2026-05-31,Metro,"Richmond, VA metro area",174,2.83,10.3,-0.23
2026-07-03,Monthly,2026-04-01,2026-04-30,Metro,"Richmond, VA metro area",178,6.07,10.55,0.07
2026-07-03,Monthly,2026-03-01,2026-03-31,Metro,"Richmond, VA metro area",169,9.93,9.55,0.16
2026-07-03,Monthly,2026-02-01,2026-02-28,Metro,"Richmond, VA metro area",158,0.51,9.77,-0.21
2026-07-03,Monthly,2026-01-01,2026-01-31,Metro,"Richmond, VA metro area",171,20.41,11.11,1.34
2026-07-03,Monthly,2026-06-01,2026-06-30,Metro,"Riverside, CA metro area",711,1.45,16.81,-0.17
2026-07-03,Monthly,2026-05-01,2026-05-31,Metro,"Riverside, CA metro area",711,6.89,16.77,1.1
2026-07-03,Monthly,2026-04-01,2026-04-30,Metro,"Riverside, CA metro area",714,-6.76,17.08,-1.54
2026-07-03,Monthly,2026-03-01,2026-03-31,Metro,"Riverside, CA metro area",745,7.9,17.57,1.59
2026-07-03,Monthly,2026-02-01,2026-02-28,Metro,"Riverside, CA metro area",762,7.78,17.51,1.73
2026-07-03,Monthly,2026-01-01,2026-01-31,Metro,"Riverside, CA metro area",732,1.74,16.82,-0.07
2026-07-03,Monthly,2026-06-01,2026-06-30,Metro,"Rochester, NY metro area",43,-19.73,4.54,-1.03
2026-07-03,Monthly,2026-05-01,2026-05-31,Metro,"Rochester, NY metro area",37,-26.05,3.95,-1.39
2026-07-03,Monthly,2026-04-01,2026-04-30,Metro,"Rochester, NY metro area",37,-11.89,3.88,-0.74
2026-07-03,Monthly,2026-03-01,2026-03-31,Metro,"Rochester, NY metro area",39,-4.99,4.32,-0.09
2026-07-03,Monthly,2026-02-01,2026-02-28,Metro,"Rochester, NY metro area",39,-7.77,4.92,0.47
2026-07-03,Monthly,2026-01-01,2026-01-31,Metro,"Rochester, NY metro area",39,-42.36,4.4,-4.1
2026-07-03,Monthly,2026-06-01,2026-06-30,Metro,"Sacramento, CA metro area",333,6.75,14.75,-0.43
2026-07-03,Monthly,2026-05-01,2026-05-31,Metro,"Sacramento, CA metro area",338,18.16,15.1,1.7
2026-07-03,Monthly,2026-04-01,2026-04-30,Metro,"Sacramento, CA metro area",297,-9.92,12.93,-2.54
2026-07-03,Monthly,2026-03-01,2026-03-31,Metro,"Sacramento, CA metro area",321,1.56,13.86,-0.11
2026-07-03,Monthly,2026-02-01,2026-02-28,Metro,"Sacramento, CA metro area",296,-5.92,13.13,-1.14
2026-07-03,Monthly,2026-01-01,2026-01-31,Metro,"Sacramento, CA metro area",316,-0.5,13.79,-0.09
2026-07-03,Monthly,2026-06-01,2026-06-30,Metro,"Salt Lake City, UT metro area",236,0.27,18.5,0.25
2026-07-03,Monthly,2026-05-01,2026-05-31,Metro,"Salt Lake City, UT metro area",248,0.69,18.77,0.5
2026-07-03,Monthly,2026-04-01,2026-04-30,Metro,"Salt Lake City, UT metro area",256,-3.98,18.2,-0.97
2026-07-03,Monthly,2026-03-01,2026-03-31,Metro,"Salt Lake City, UT metro area",253,-0.08,18.53,0.5
2026-07-03,Monthly,2026-02-01,2026-02-28,Metro,"Salt Lake City, UT metro area",245,0.01,18.45,-0.35
2026-07-03,Monthly,2026-01-01,2026-01-31,Metro,"Salt Lake City, UT metro area",243,-5.21,17.71,-0.63
2026-07-03,Monthly,2026-06-01,2026-06-30,Metro,"San Antonio, TX metro area",614,-0.17,18.11,0.02
2026-07-03,Monthly,2026-05-01,2026-05-31,Metro,"San Antonio, TX metro area",625,3.67,17.77,-0.81
2026-07-03,Monthly,2026-04-01,2026-04-30,Metro,"San Antonio, TX metro area",667,12.86,18.41,1.04
2026-07-03,Monthly,2026-03-01,2026-03-31,Metro,"San Antonio, TX metro area",633,7.09,17.93,0.44
2026-07-03,Monthly,2026-02-01,2026-02-28,Metro,"San Antonio, TX metro area",633,-0.48,17.67,-0.81
2026-07-03,Monthly,2026-01-01,2026-01-31,Metro,"San Antonio, TX metro area",646,12.05,19.5,2.72
2026-07-03,Monthly,2026-06-01,2026-06-30,Metro,"San Diego, CA metro area",307,4.4,14.18,0.6
2026-07-03,Monthly,2026-05-01,2026-05-31,Metro,"San Diego, CA metro area",342,1.87,14.07,-0.54
2026-07-03,Monthly,2026-04-01,2026-04-30,Metro,"San Diego, CA metro area",307,-5.74,12.9,-1.55
2026-07-03,Monthly,2026-03-01,2026-03-31,Metro,"San Diego, CA metro area",326,-6.29,13.84,-0.16
2026-07-03,Monthly,2026-02-01,2026-02-28,Metro,"San Diego, CA metro area",346,13.63,13.86,0.69
2026-07-03,Monthly,2026-01-01,2026-01-31,Metro,"San Diego, CA metro area",312,3.43,13.34,-0.29
2026-07-03,Monthly,2026-06-01,2026-06-30,Metro,"San Francisco, CA metro area",26,-34.49,NA,NA
2026-07-03,Monthly,2026-05-01,2026-05-31,Metro,"San Francisco, CA metro area",40,20.39,NA,NA
2026-07-03,Monthly,2026-04-01,2026-04-30,Metro,"San Francisco, CA metro area",29,-31.95,NA,NA
2026-07-03,Monthly,2026-03-01,2026-03-31,Metro,"San Francisco, CA metro area",41,56.48,NA,NA
2026-07-03,Monthly,2026-02-01,2026-02-28,Metro,"San Francisco, CA metro area",33,16.12,NA,NA
2026-07-03,Monthly,2026-01-01,2026-01-31,Metro,"San Francisco, CA metro area",31,4.11,NA,NA
2026-07-03,Monthly,2026-06-01,2026-06-30,Metro,"San Jose, CA metro area",55,-6.73,5.68,-0.66
2026-07-03,Monthly,2026-05-01,2026-05-31,Metro,"San Jose, CA metro area",72,30.23,7.46,1.68
2026-07-03,Monthly,2026-04-01,2026-04-30,Metro,"San Jose, CA metro area",73,33.68,7.4,1.23
2026-07-03,Monthly,2026-03-01,2026-03-31,Metro,"San Jose, CA metro area",70,30.74,6.42,0.1
2026-07-03,Monthly,2026-02-01,2026-02-28,Metro,"San Jose, CA metro area",68,46.76,6.02,1.41
2026-07-03,Monthly,2026-01-01,2026-01-31,Metro,"San Jose, CA metro area",64,65.74,5.25,2.59
2026-07-03,Monthly,2026-06-01,2026-06-30,Metro,"Seattle, WA metro area",274,4.77,10.27,1.34
2026-07-03,Monthly,2026-05-01,2026-05-31,Metro,"Seattle, WA metro area",304,4.92,10.25,0.85
2026-07-03,Monthly,2026-04-01,2026-04-30,Metro,"Seattle, WA metro area",305,1.88,10.37,0.49
2026-07-03,Monthly,2026-03-01,2026-03-31,Metro,"Seattle, WA metro area",285,-9.83,9.79,-0.46
2026-07-03,Monthly,2026-02-01,2026-02-28,Metro,"Seattle, WA metro area",291,1.34,9.79,0.6
2026-07-03,Monthly,2026-01-01,2026-01-31,Metro,"Seattle, WA metro area",279,10.29,9.77,1.74
2026-07-03,Monthly,2026-06-01,2026-06-30,Metro,"St. Louis, MO metro area",467,-3.03,13.29,-1.19
2026-07-03,Monthly,2026-05-01,2026-05-31,Metro,"St. Louis, MO metro area",455,-12.61,13.19,-2.05
2026-07-03,Monthly,2026-04-01,2026-04-30,Metro,"St. Louis, MO metro area",463,0.59,13.51,-0.08
2026-07-03,Monthly,2026-03-01,2026-03-31,Metro,"St. Louis, MO metro area",419,-17.59,12.31,-2.09
2026-07-03,Monthly,2026-02-01,2026-02-28,Metro,"St. Louis, MO metro area",474,4.78,14.21,1.23
2026-07-03,Monthly,2026-01-01,2026-01-31,Metro,"St. Louis, MO metro area",432,-13.11,12.6,-2.46
2026-07-03,Monthly,2026-06-01,2026-06-30,Metro,"Stockton, CA metro area",99,5.84,17.27,-1.52
2026-07-03,Monthly,2026-05-01,2026-05-31,Metro,"Stockton, CA metro area",95,9.3,16.37,1.5
2026-07-03,Monthly,2026-04-01,2026-04-30,Metro,"Stockton, CA metro area",91,0.02,16.08,-0.38
2026-07-03,Monthly,2026-03-01,2026-03-31,Metro,"Stockton, CA metro area",97,10.86,17.33,1.92
2026-07-03,Monthly,2026-02-01,2026-02-28,Metro,"Stockton, CA metro area",102,18.93,17.69,2.34
2026-07-03,Monthly,2026-01-01,2026-01-31,Metro,"Stockton, CA metro area",91,0.43,16.68,2.39
2026-07-03,Monthly,2026-06-01,2026-06-30,Metro,"Tacoma, WA metro area",156,17.02,15.6,1.39
2026-07-03,Monthly,2026-05-01,2026-05-31,Metro,"Tacoma, WA metro area",165,2.51,16.25,0.17
2026-07-03,Monthly,2026-04-01,2026-04-30,Metro,"Tacoma, WA metro area",192,26.99,17.26,1.87
2026-07-03,Monthly,2026-03-01,2026-03-31,Metro,"Tacoma, WA metro area",181,9.51,17.37,1.6
2026-07-03,Monthly,2026-02-01,2026-02-28,Metro,"Tacoma, WA metro area",173,-2.3,15.02,-0.83
2026-07-03,Monthly,2026-01-01,2026-01-31,Metro,"Tacoma, WA metro area",170,-1.79,15.17,0
2026-07-03,Monthly,2026-06-01,2026-06-30,Metro,"Tampa, FL metro area",828,-7.54,16.95,-1.1
2026-07-03,Monthly,2026-05-01,2026-05-31,Metro,"Tampa, FL metro area",859,-11.36,17.52,-1.23
2026-07-03,Monthly,2026-04-01,2026-04-30,Metro,"Tampa, FL metro area",922,-4.37,17.59,-1.25
2026-07-03,Monthly,2026-03-01,2026-03-31,Metro,"Tampa, FL metro area",880,-10.93,17.69,-0.52
2026-07-03,Monthly,2026-02-01,2026-02-28,Metro,"Tampa, FL metro area",978,0.56,18.63,1.2
2026-07-03,Monthly,2026-01-01,2026-01-31,Metro,"Tampa, FL metro area",868,-18.51,16.39,-2.49
2026-07-03,Monthly,2026-06-01,2026-06-30,Metro,"Tucson, AZ metro area",219,25.21,16.51,3.02
2026-07-03,Monthly,2026-05-01,2026-05-31,Metro,"Tucson, AZ metro area",219,10.39,16.77,0.86
2026-07-03,Monthly,2026-04-01,2026-04-30,Metro,"Tucson, AZ metro area",202,-7.79,14.89,-1.68
2026-07-03,Monthly,2026-03-01,2026-03-31,Metro,"Tucson, AZ metro area",204,-6.55,15.02,-1.3
2026-07-03,Monthly,2026-02-01,2026-02-28,Metro,"Tucson, AZ metro area",194,-15.59,14.77,-1.9
2026-07-03,Monthly,2026-01-01,2026-01-31,Metro,"Tucson, AZ metro area",208,5.63,15.51,0.67
2026-07-03,Monthly,2026-06-01,2026-06-30,Metro,"Tulsa, OK metro area",195,-7.63,15.1,-1.71
2026-07-03,Monthly,2026-05-01,2026-05-31,Metro,"Tulsa, OK metro area",206,8.05,15.72,-0.25
2026-07-03,Monthly,2026-04-01,2026-04-30,Metro,"Tulsa, OK metro area",208,14.12,15.24,0.39
2026-07-03,Monthly,2026-03-01,2026-03-31,Metro,"Tulsa, OK metro area",202,-1.47,15.26,-0.4
2026-07-03,Monthly,2026-02-01,2026-02-28,Metro,"Tulsa, OK metro area",187,-3.83,14.32,-2.27
2026-07-03,Monthly,2026-01-01,2026-01-31,Metro,"Tulsa, OK metro area",198,4.81,16.5,0.45
2026-07-03,Monthly,2026-06-01,2026-06-30,Metro,"Virginia Beach, VA metro area",350,7.01,13.36,0.86
2026-07-03,Monthly,2026-05-01,2026-05-31,Metro,"Virginia Beach, VA metro area",360,6.73,13.78,0.38
2026-07-03,Monthly,2026-04-01,2026-04-30,Metro,"Virginia Beach, VA metro area",358,2.49,13.08,-0.07
2026-07-03,Monthly,2026-03-01,2026-03-31,Metro,"Virginia Beach, VA metro area",335,1.21,12.84,0.43
2026-07-03,Monthly,2026-02-01,2026-02-28,Metro,"Virginia Beach, VA metro area",344,11.1,13.68,1.39
2026-07-03,Monthly,2026-01-01,2026-01-31,Metro,"Virginia Beach, VA metro area",350,9.17,13.15,0.04
2026-07-03,Monthly,2026-06-01,2026-06-30,Metro,"Warren, MI metro area",NA,NA,9.11,1.43
2026-07-03,Monthly,2026-05-01,2026-05-31,Metro,"Warren, MI metro area",NA,NA,9.3,1.65
2026-07-03,Monthly,2026-04-01,2026-04-30,Metro,"Warren, MI metro area",NA,NA,9.35,1.83
2026-07-03,Monthly,2026-03-01,2026-03-31,Metro,"Warren, MI metro area",NA,NA,8.18,0.56
2026-07-03,Monthly,2026-02-01,2026-02-28,Metro,"Warren, MI metro area",NA,NA,8.26,0.4
2026-07-03,Monthly,2026-01-01,2026-01-31,Metro,"Warren, MI metro area",NA,NA,8.87,1.13
2026-07-03,Monthly,2026-06-01,2026-06-30,Metro,"Washington, DC metro area",605,1.75,12.11,0.25
2026-07-03,Monthly,2026-05-01,2026-05-31,Metro,"Washington, DC metro area",626,6.69,12.16,0.32
2026-07-03,Monthly,2026-04-01,2026-04-30,Metro,"Washington, DC metro area",617,8.31,11.61,-0.07
2026-07-03,Monthly,2026-03-01,2026-03-31,Metro,"Washington, DC metro area",602,5.23,11.7,0.16
2026-07-03,Monthly,2026-02-01,2026-02-28,Metro,"Washington, DC metro area",575,2.92,11.53,-0.21
2026-07-03,Monthly,2026-01-01,2026-01-31,Metro,"Washington, DC metro area",536,1.37,11.26,-0.01
2026-07-03,Monthly,2026-06-01,2026-06-30,Metro,"West Palm Beach, FL metro area",349,14.94,14.32,0.51
2026-07-03,Monthly,2026-05-01,2026-05-31,Metro,"West Palm Beach, FL metro area",332,24.57,12.82,-0.87
2026-07-03,Monthly,2026-04-01,2026-04-30,Metro,"West Palm Beach, FL metro area",345,21.69,13.09,-1.55
2026-07-03,Monthly,2026-03-01,2026-03-31,Metro,"West Palm Beach, FL metro area",315,11.94,13.05,-1.57
2026-07-03,Monthly,2026-02-01,2026-02-28,Metro,"West Palm Beach, FL metro area",341,21.14,14.13,1.35
2026-07-03,Monthly,2026-01-01,2026-01-31,Metro,"West Palm Beach, FL metro area",328,10.33,13.42,0.03
2026-07-03,Monthly,2026-06-01,2026-06-30,Metro,"Wilmington, DE metro area",75,0.31,10.35,-0.69
2026-07-03,Monthly,2026-05-01,2026-05-31,Metro,"Wilmington, DE metro area",78,11.39,10.67,-0.07
2026-07-03,Monthly,2026-04-01,2026-04-30,Metro,"Wilmington, DE metro area",73,11.51,9.66,0.8
2026-07-03,Monthly,2026-03-01,2026-03-31,Metro,"Wilmington, DE metro area",67,0.06,9.81,0.57
2026-07-03,Monthly,2026-02-01,2026-02-28,Metro,"Wilmington, DE metro area",68,-4.1,10.1,0.95
2026-07-03,Monthly,2026-01-01,2026-01-31,Metro,"Wilmington, DE metro area",62,-17.67,10.22,-0.04
2026-07-03,Monthly,2026-06-01,2026-06-30,Metro,"Worcester, MA metro area",135,6.98,13.51,-0.75
2026-07-03,Monthly,2026-05-01,2026-05-31,Metro,"Worcester, MA metro area",159,33.81,16.24,3.4
2026-07-03,Monthly,2026-04-01,2026-04-30,Metro,"Worcester, MA metro area",136,12.32,13.84,0.73
2026-07-03,Monthly,2026-03-01,2026-03-31,Metro,"Worcester, MA metro area",112,-12.61,13.17,0.01
2026-07-03,Monthly,2026-02-01,2026-02-28,Metro,"Worcester, MA metro area",115,17.24,13.36,2.62
2026-07-03,Monthly,2026-01-01,2026-01-31,Metro,"Worcester, MA metro area",116,10.21,12.78,1.26
